Label,SMILES
0,Cc1cccc(Cl)c1C
0,CC(C)S
0,CC(O)(P(=O)(O)O)P(=O)(O)O
0,CCCC1COC(Cn2cncn2)(O1)c3ccc(Cl)cc3Cl
0,Cc1ccc(cc1C)S(=O)(=O)O
0,CC(C)Cc1ccc(cc1)C(C)O
0,CCCCC=O
0,Fc1ccc(Oc2ccnc3cc(Cl)cc(Cl)c23)cc1
0,Cc1cccc(CC(C)(C)CO)c1
0,OC(=O)C=C
0,OCCN(CCO)CCO.OCCN(CCO)CCO.OCCN(CCO)CCO.OCCN(CCO)CCO
0,CCc1cc(Cc2cc(CC)cc(c2O)C(C)(C)C)c(O)c(c1)C(C)(C)C
0,CCCC(=O)O
0,CCC\C=C\C
0,CC(=C)C(=O)OC(C)(C)C
0,CC(C)(C)c1ccc(OP2OCC3(COP(Oc4ccc(cc4C(C)(C)C)C(C)(C)C)OC3)CO2)c(c1)C(C)(C)C
0,CC(C1CC1)C(O)(Cn2cncn2)c3ccc(Cl)cc3
0,CN(C)CCOCCN(C)CCO
0,CCCCC(CC)COC(=O)c1c(Br)c(Br)c(Br)c(Br)c1C(=O)OCC(CC)CCCC
0,NCCOCCOCCN
0,CCCCCCC(CCCCCCCCCCC(=O)OCC(CC)CCCC)OC(=O)C
0,COc1ccc(CC=C)cc1OC
0,CC(=CCCC(C)(O)C=C)C
0,CC1=CC(=O)CC(C)(C)C1
0,OP(=O)(O)CN(CP(=O)(O)O)CP(=O)(O)O
0,CN1CCOCC1
0,OC(=O)C[C@H](NCCN[C@@H](CC(=O)O)C(=O)O)C(=O)O
0,OCCCc1ccccc1
0,COc1ccc(cc1)N=Nc2ccc(cc2OC)N=Nc3cccc(c3)S(=O)(=O)O
0,Clc1cccc(Cl)c1C#N
0,O=C1OC(=O)C2CCCCC12
0,COc1ccc(cc1)C(=O)C
0,CCCCO
0,CCCCCCCCCCCCCCO
0,CCC(=O)OCc1ccccc1
0,CCCCC=C
0,CCC(COC(=O)CCN1CC1)(COC(=O)CCN2CC2)COC(=O)CCN3CC3
0,C[N+]1([O-])CCOCC1
0,NC(=O)\N=N\C(=O)N
0,CCCCCCC=C
0,CCCO.CCCO.CCCO.CCCO
0,CN(C)C(=O)C
0,CCCCCCCCCCCCc1ccccc1S(=O)(=O)O.CC(C)(N)CO
0,CCC(C)(OO)OOC(C)(CC)OO
0,C(CN1CCOCC1)OCCN2CCOCC2
0,CCCCCCCCCCCCCCC=C
0,NCCOCCN
0,COc1ccc(\C=C\C(=O)NCCC[N+](C)(C)CC(O)CS(=O)(=O)O)cc1
0,OP(=O)(O)OP(=O)(O)O
0,CCCCN(CCCC)C(=S)S.CCCCN(CCCC)C(=S)S
0,OCCN1CCOCC1
0,CN(C1CCCCC1)S(=O)(=O)c2ccccc2N=Nc3c(N)ccc4cc(cc(O)c34)S(=O)(=O)O
0,CCCCCC1CCCC1=O
0,Oc1ccc(cc1)C(=O)c2ccc(O)cc2
0,CCCCCCOC(=O)c1ccc(C(=O)OCCCCCC)c(c1)C(=O)OCCCCCC
0,CC1COC(=O)O1
0,CCCCC(CC)C(=O)OOC(C)(C)CC
0,O=C1CCCC1
0,O=C=Nc1ccccc1
0,OC(=O)c1ccccc1O
0,Clc1ccc(CN(C2CCCC2)C(=O)Nc3ccccc3)cc1
0,CCCCCCCCCC(=O)C.NC(=N\N=C\c1ccccc1O)N
0,Oc1ccc(O)cc1
0,CCC(C)CO
0,O=C1CCCCCCCC=CCCCCCC1
0,COC(=O)c1ccccc1
0,COC(=O)Cc1ccccc1
0,CCCCCCCCCCCCCCCCC=C
0,OCCOC(=O)c1ccc(cc1)C(=O)OCCO
0,CCCCCCCCCCCCCCCCCCCCCCCCO
0,CC(C)(C)OOC(=O)C(C)(C)C
0,COC(=O)NC(=S)Nc1ccccc1NC(=S)NC(=O)OC
0,C\C=C\C(=O)C1C(=CCCC1(C)C)C
0,CCCCCCCCCO
0,CCOP(=S)(OCC)Oc1nc(Cl)c(Cl)cc1Cl
0,CCCCCCCCCCCCN(CCC(=O)O)CCC(=O)O
0,Cc1cc(Nc2cc(c(N)c3C(=O)c4ccccc4C(=O)c23)S(=O)(=O)O)cc(c1C)S(=O)(=O)NCCO
0,C[C@]1(O)CC[C@H]2C[C@@H]1C2(C)C
0,NC(=N)N
0,CC(C)COP(=S)(O)OCC(C)C
0,C\C=C\C=C\C
0,CCCCCCC=CC
0,Clc1ccccc1C#N
0,OCC(CO)(CO)CO
0,CC(C)(C)c1cc(CCC(=O)NCCCCCCNC(=O)CCc2cc(c(O)c(c2)C(C)(C)C)C(C)(C)C)cc(c1O)C(C)(C)C
0,OP(=O)(O)O.OP(=O)(O)O
0,CC(=O)OC1CCC(CC1)C(C)(C)C
0,CCCCOCCOP(=O)(OCCOCCCC)OCCOCCCC
0,CCOP(=O)(CN(CCO)CCO)OCC
0,OC(=O)O
0,C[C@@H]1CC[C@H]2C(C)(C)[C@H]3C[C@@]12CC(=C3C)C(=O)C
0,NCCO
0,CC(C)COC(=O)C=C
0,CCC(=O)O
0,CCCCCCC(=O)Oc1c(Br)cc(cc1Br)C#N
0,CCCOCC(C)OCC(C)O
0,CCCCCCCCCCCCCCCCCC(=O)O.NCCNCCNCCNCCN
0,CCCCCCCCC=C
0,Cc1ccc(cc1S(=O)(=O)O)S(=O)(=O)c2cc(NC(=O)C(=C)Br)ccc2N=Nc3c(N)ccc4cc(ccc34)S(=O)(=O)O
0,CCCCCCCCO
0,CCCCCCCCCC(=O)O.CCCCCCCC(=O)O.CCCCCCC(=O)O.OCC(CO)(CO)CO
0,CC=C1CC2CC1C=C2
0,OC(=O)C=C.OC(=O)C=C
0,CC(C)O.CC(C)O.CC(C)O
0,CCCS
0,CCCCC1CCC(=O)O1
0,CCc1ncc(C)[nH]1
0,CCCCCCCCCCCCCCCCCCCCCCCCC=C
0,CCOP(=O)(Cc1cc(c(O)c(c1)C(C)(C)C)C(C)(C)C)OCC
0,OCCN(CCO)CCO.OC(=O)CC(O)(CC(=O)O)C(=O)O
0,CC1(C)CCC[C@@]2(C)[C@H]1CC[C@@]3(C)OC(=O)C[C@H]23
0,CC(C)CCCCCCCO
0,OC(=O)C1CCC=CC1
0,OP(=O)(O)CN(CCN(CP(=O)(O)O)CP(=O)(O)O)CCN(CP(=O)(O)O)CP(=O)(O)O
0,OC(=O)c1c(Br)c(Br)c(Br)c(Br)c1C(=O)O
0,CCC(=O)C
0,COC(=O)C(=C)C
0,COCCCN
0,CCCCCCCCCCCCOC(=O)c1ccccc1
0,O=CN1CCOCC1
0,CCOC(=O)C(=C)C#N
0,CCCCCCOC(=O)c1ccccc1O
0,CC1CCC2C(C1)C(=O)OC2=O
0,NC(=NC#N)N
0,CCCCCCCCCCCOC1O[C@H](CO)[C@@H](O)[C@H](O)[C@H]1O
0,COc1cc(CC=C)ccc1OC(=O)C
0,OCl(=O)=O
0,CC(CCOCC=O)CCC=C(C)C
0,CC1CCCCCCCCCCCCC(=O)C1
0,CC(C)c1ccc(cc1)S(=O)(=O)O
0,O=C1CCCN1
0,Clc1ccc2C(=O)OC(=O)c2c1
0,OS(=O)(=O)O.Clc1ccc(C(Cn2ccnc2)OCC=C)c(Cl)c1
0,CC(CCOC(=O)C)CC(C)(C)C
0,CC(COC(C)COC(=O)C=C)OCC(C)OC(=O)C=C
0,OP(=O)(O)O
0,COC(=O)C(=C)C#N
0,C1CNCCN1
0,C=CCOc1nc(OCC=C)nc(OCC=C)n1
0,C(OCc1ccccc1)c2ccccc2
0,CCCCCCCCCCCCOS(=O)(=O)O.CCCCCCCCCCCCOS(=O)(=O)O
0,CC(C)(COC(=O)c1ccccc1)COC(=O)c2ccccc2
0,CC(C)(C)CC(C)(C)c1ccc(O)c(c1)n2nc3ccccc3n2
0,CC12CCCCC1C(=O)OC2=O
0,CN(C)CCO
0,OCCN(CCO)CCO
0,CCCCCCCCCCCCC=C
0,CC(=O)\C(=C\C1C(=CCCC1(C)C)C)\C
0,O=CCC\C=C\1/CC2CC1C3CCCC23
0,CCOC(=O)CP(=O)(OCC)OCC
0,CCCCCCCCN(C)C
0,N[C@@H](CCCCNC(=O)C(F)(F)F)C(=O)N1CCC[C@H]1C(=O)O
0,CCCCCC(C)(CC)C(=O)O.CCCCCC(C)(CC)C(=O)O
0,OCCN(CC(=O)O)CC(=O)O
0,FC(C(F)(F)F)C(F)(F)Oc1c(Cl)cc(NC(=O)NC(=O)c2c(F)cccc2F)c(F)c1Cl
0,C\C=C\CC\C=C\CCCC\C=C\CC\C=C\CC\C=C\CC\C=C\C
0,CCCCCC[C@@H](O)C\C=C/CCCCCCCC(=O)OCCCC
0,CC(C)CO
0,COc1ccc(CO)cc1
0,CCCCCCCCCc1nc(N)nc(N)n1
0,OP(=O)(O)CN(CCCCCCN(CP(=O)(O)O)CP(=O)(O)O)CCCCCCN(CP(=O)(O)O)CP(=O)(O)O
0,CC(O)CN(CCCN(C)C)CC(C)O
0,CCCCCCCCCCCCCCCCO
0,CC(=CCC\C(=C/CO)\C)C
0,C[C@H](N)C(=O)N[C@@H](CCC(=O)N)C(=O)O
0,CCCCCC\C=C\CC\C=C\CCCC
0,NCCCCCCN.OC(=O)CCCCC(=O)O
0,CCCCC(CC)CO.CCCCC(CC)CO.C\C(=C\C(=O)C)\O.C\C(=C\C(=O)C)\O
0,CCCCCCC\C=C\C
0,CN1CCN(C)CC1
0,CC(CCOC=O)CCC=C(C)C
0,NC(=O)N.OO
0,CCN(CC)C(=S)SSC(=S)N(CC)CC
0,BrCc1ccc(Br)cc1
0,COc1ccc(\C=C\C)cc1OC
0,CC(C)C1CCC(CO)CC1
0,NCCCN1CCOCC1
0,NCCOCCO
0,CC(C)C(=O)OCCc1ccccc1
0,CCS(=O)(=O)N1CC(=CC#N)C1
0,CCCCCCCCCCCO
0,CC1(OC(=O)N(Nc2ccccc2)C1=O)c3ccc(Oc4ccccc4)cc3
0,Clc1cccc2C(=O)OC(=O)c12
0,NC(=S)N
0,CCCCCCO
0,COc1cc(\C=C\C)ccc1OC(=O)C
0,CCCCCCCCCCC=C
0,CN(C)C(=S)SSC(=S)N(C)C
0,CCCCCC(CCC)COC(=O)c1ccccc1C(=O)OCC(CCC)CCCCC
0,OS(=O)(=S)O
0,CC(=O)OOC(C)(C)C
0,FC(F)(F)C1(F)C(F)(F)C(F)(F)C(F)(F)C1(F)F
0,SCCSCCS
0,OC[C@@H](O)[C@@H](O[C@@H]1O[C@H](CO)[C@H](O)[C@H](O)[C@H]1O)[C@H](O)[C@@H](O)CO
0,CC(C)C1(O)CCC(=CC1)C
0,N#Cc1ccncc1
0,CCCCOCCOCCOCc1cc2OCOc2cc1CCC
0,C(Cc1ccccc1)Cc2ccncc2
0,CCOC(=O)c1ccccc1
0,CC(O)C[N+](C)(C)C
0,NC(=N)N.SC#N
0,CCCCCC=CC
0,CCCCCCCCCc1ccc(O)c(C=NO)c1
0,COCCOC(=O)C(=C)C#N
0,CC[N+](=O)[O-]
0,CCCCC(CC)COC(=O)OOC(C)(C)C
0,CCCOc1ccc(Cl)c2C(=O)c3ccccc3Sc12
0,CCCCCCCCOc1ccc(C(=O)c2ccccc2)c(O)c1
0,CCCCCCCCCCCCCCCCCCO
0,CC(C)CCCCCCCCCCO
0,CCOC1CC(C)CC(C)(C)C1
0,Oc1ccc(c(c1)C(F)(F)F)[N+](=O)[O-]
0,CC(C)CCCCCCOC(=O)c1ccc(C(=O)OCCCCCCC(C)C)c(c1)C(=O)OCCCCCCC(C)C
0,CCCCCCC1(C)CCC(=O)O1
0,OC(=O)c1cccc(c1)C(=O)O
0,O=C1OCCO1
0,CCCCCCCCCCCCCCCCCCCCCCO
0,S=C1NN=C(SSC2=NNC(=S)S2)S1
0,OCCOCCOCCOCCO
0,CCCCCCCCCCCCO
0,CCCCCCCCCCCCCCCCCCCCO
0,CC(C)[C@H]1CC=C(C)C=C1
0,CCCCCCC1=CCCC1=O
0,CCCCCCC1C(CCC1=O)C(=O)OC
0,CCOC(=O)Nc1cccc(OC(=O)Nc2ccccc2)c1
0,CC(O)CN(CCCN(C)C)CCCN(C)C
0,CC(C)O
0,CCC=O
0,CCCCC(CC)C(=O)OOC(C)(C)C
0,CC(C)(C)CCCCC1(OO1)C(=O)OC(C)(C)CC(C)(C)C
0,CN(CCO)CCO
0,CCCCCCOC(=O)\C=C\C(=O)OCCCCCC
0,CCCCCCCCCCO
0,CC(C)CCCCCCCOC(=O)CC(C(=O)OCCCCCCCC(C)C)S(=O)(=O)O
0,CC(C)(C)OOC(C)(C)CCC(C)(C)OOC(C)(C)C
1,CN(C)CCCN(C)CCO
1,OCC=C
1,C[N+](=O)[O-]
1,CN(C)CCOCCN(C)C
1,CC(CCC#N)C#N
1,CCCSP(=O)(OCC)SCCC
1,OC[P+](CO)(CO)CO
1,CCC(COCC(C)C)(COCC(C)C)COCC(C)N
1,CC(C)(O)C#N
1,Nc1ccccc1N
1,CCCCCCCCCCCCCCCCCCOC(=O)CCS
1,CC1CCCCC1=O
1,CCCCCCOCCO
1,CC(O)CN(C)C
1,CN(CCO)CCCN
1,CCCCC(CC)COC(=O)CCS
1,CC(C)(C)CCCCCCCCCN
1,OC1CCCCC1
1,C=CCNCC=C
1,CNCCO
1,CCCC[P+](CCCC)(CCCC)CCCC
1,OCC(O)CS
1,CC(=O)OC(C=C)C#N
1,C1CC=CC1
1,CN(C)CCCNCCCN(C)C
1,Cn1ccnc1
1,COCCOC(=O)C=C
1,Cc1cc(C)c(O)c(c1)C(C)(C)C
1,C1COCCN1
1,CCN1CCOCC1
1,CCN(CC)CC#N
1,CSCCC=O
1,COc1cc(\C=C\C)ccc1O
1,COC(=O)CCS
1,CC(C)C(=O)O
1,ClCC(Cl)CCl
1,CC1CC(CC2CCC(N)C(C)C2)CCC1N
1,CN(C)CCCCCCN(C)C
1,CC(O)C#C
1,Clc1ccc(cc1Cl)C#N
1,OC(=O)CS
1,CC(C)COC(=S)S
1,CCCCOC(=O)CCS
1,SCC(=O)OCCOC(=O)CS
1,CCCCCCCCCCCC[N+](C)(C)CC(O)CCl
1,CCC#N
1,CC(O)C(=O)O
1,Clc1ccc(cc1)C(c2ccc(Cl)cc2)C(Cl)(Cl)Cl
0,CCOCCOCCOC(C)Oc1ccc2OCOc2c1
1,CN(CCCl)CCCl
1,COP(=S)(OC)Oc1ccc(cc1)S(=O)(=O)N(C)C
1,CN1CCC[C@H]1c2cccnc2
1,[O-][N+](=O)OCC(CO[N+](=O)[O-])O[N+](=O)[O-]
1,CC(C)OP(=O)(F)OC(C)C
0,ClC(Cl)(Cl)Cl
1,CCOP(=S)(OCC)Oc1ccc(cc1)[N+](=O)[O-]
1,CCOP(=S)(OCC)Oc1ccc2C(=C(Cl)C(=O)Oc2c1)C
0,OCC(O)CO
1,C=CCN=C=S
0,CCCCCCCCCCCCCCCCCC(=O)O
1,CN(C)N
0,CC(O)CO
1,ClC1CC2C(C1Cl)[C@@]3(Cl)C(=C(Cl)[C@]2(Cl)C3(Cl)Cl)Cl
1,Cl[C@@H]1[C@H](Cl)[C@@H](Cl)[C@H](Cl)[C@H](Cl)[C@H]1Cl
1,Oc1c(Cl)cc(Cl)c(Cl)c1Cl
1,CNC(=O)CSP(=S)(OC)OC
1,ClC1=C(Cl)[C@@]2(Cl)[C@H]3[C@H]4C[C@H]([C@@H]5O[C@H]45)[C@H]3[C@]1(Cl)C2(Cl)Cl
1,OC(=O)Cc1cccc2ccccc12
1,COP(=O)(OC)OC=C(Cl)Cl
1,CNC(=O)Oc1cccc2ccccc12
1,CNC(=O)Oc1cccc(c1)C(C)C
1,CN1CCC[C@H]1c2cccnc2.CN3CCC[C@H]3c4cccnc4.OS(=O)(=O)O
0,OC(=O)c1ccccc1
0,ClC(Cl)Cl
0,CS(=O)(=O)C
0,ClC(Cl)(Cl)C(Cl)(Cl)Cl
0,CN(C)C=O
0,CCCO
0,COc1ccc(cc1)C(c2ccc(OC)cc2)C(Cl)(Cl)Cl
1,ClC(Cl)C(c1ccc(Cl)cc1)c2ccc(Cl)cc2
0,BrCBr
0,ClCBr
0,CSC
1,CC(C)N
1,CC(C)(C)O
1,ClC(Cl)(Br)CBr
1,ClC1C=CC2C1C3(Cl)C(=C(Cl)C2(Cl)C3(Cl)Cl)Cl
0,CC(C)CC(=O)O[C@@H]1C[C@@H]2CC[C@@]1(C)C2(C)C
1,C[C@]12[C@@H](O)C=C[C@@]3(OC1=O)[C@@H]4CC[C@]5(O)C[C@]4(CC5=C)[C@H]([C@H]23)C(=O)O
1,ClC1=C(Cl)C(Cl)(Cl)C(=C1Cl)Cl
0,C[C@@H]1CC[C@H]2C(C)(C)[C@H]3C[C@@]12CC[C@@]3(C)O
0,C[C@@H]1CC[C@H]2C(C)(C)[C@H]3C[C@@]12CC[C@@]3(C)OC(=O)C
0,C1C=CC2C3CC(C=C3)C12
0,O=S1(=O)CC=CC1
1,CCOP(=O)(C#N)N(C)C
0,CCOC(=O)CC(O)(CC(=O)OCC)C(=O)OCC
0,C=CC1OCC2(COC(OC2)C=C)CO1
0,Cc1ccccc1OP(=O)(Oc2ccccc2C)Oc3ccccc3C
1,CCOP(=S)(OCC)SC1OCCOC1SP(=S)(OCC)OCC
0,CC(C)C(=O)OC(C)(CCC=C(C)C)C=C
0,CC(=CCCC(C)(OC(=O)\C=C\c1ccccc1)C=C)C
0,CCCCC(CC)COP(=O)(OCC(CC)CCCC)OCC(CC)CCCC
0,ClCC(Cl)COP(=O)(OCC(Cl)CCl)OCC(Cl)CCl
1,CCCCSP(=O)(SCCCC)SCCCC
1,COP(=S)(OC)SCc1nc(N)nc(N)n1
0,CCC(C)(O)CCCC(C)C
1,CC(C)C#N
1,CC(=O)CCl
0,ClC=C(Cl)Cl
1,OC(=O)CBr
0,NNC(=S)N
0,COC(=O)C
0,COC(=O)Cl
1,CC(=C)C(=O)O
1,FC(F)(Cl)C(=O)C(F)(Cl)Cl
0,CC1=CCCC(C)(C)C1\C=C\C(=O)CCC=C
0,CC1(C)C2CCC(C2)C1=C
1,Clc1ccc(cc1)S(=O)(=O)c2ccccc2
0,Nc1ccc(cc1)S(=O)(=O)c2ccc(N)cc2
0,Oc1ccc(cc1)S(=O)(=O)c2ccc(O)cc2
0,CC1CCC(CC1)C(C)(C)OC(=O)C
1,Clc1ccc(OS(=O)(=O)c2ccccc2)cc1
1,CCC(C)(C)c1ccc(O)cc1
0,C\C=C(/C)\C(=O)O
1,COC(=O)C(=C)Cl
0,CC(=O)c1c(C)c(c(c(c1C)[N+](=O)[O-])C(C)(C)C)[N+](=O)[O-]
0,Cc1c(c(C)c(c(c1[N+](=O)[O-])C(C)(C)C)[N+](=O)[O-])[N+](=O)[O-]
0,C1C2OC2C3C1C4CC3C5OC45
0,O=C1OC(=O)c2cccc3cccc1c23
1,CCCOC(=O)C1C(C)Cc2cc3OCOc3cc2C1C(=O)OCCC
1,COc1c(c(C)c(cc1C(C)(C)C)[N+](=O)[O-])[N+](=O)[O-]
1,COc1cc2OC[C@H]3Oc4c5C[C@@H](Oc5ccc4C(=O)[C@H]3c2cc1OC)C(=C)C
0,CCc1ccc2C(=O)c3ccccc3C(=O)c2c1
1,C1C[n+]2ccccc2c3cccc[n+]13
0,CCc1c(Br)c(Br)c(Br)c(Br)c1Br
1,OC(=O)Cc1c(Cl)ccc(Cl)c1Cl
0,O=C1OC(=O)c2ccccc12
0,CCCCOC(=O)c1ccccc1C(=O)OCc2ccccc2
0,COc1ccccc1c2ccccc2
0,O=NN(c1ccccc1)c2ccccc2
1,ClCc1cccc2ccccc12
1,NC(=O)Cc1cccc2ccccc12
1,CC(C)COC(=O)c1ccccc1O
0,Nc1ccccc1C(=O)OC\C=C\c2ccccc2
1,ClC(=C(Cl)C(=C(Cl)Cl)Cl)Cl
1,C=CN1CCCC1=O
0,CC(C)(C)c1ccccc1O
0,CC(=O)OC1CCCCC1C(C)(C)C
1,[O-][N+](=O)c1ccccc1Cl
0,Oc1ccccc1[N+](=O)[O-]
0,C[C@H]1CCC(=C(C)C)CC2=C1CC[C@@H]2C
1,CCC(C)c1cc(cc(c1O)[N+](=O)[O-])[N+](=O)[O-]
0,Nc1ccc(O)c(c1)C(=O)O
0,CCC(C)c1ccccc1O
0,ClC(=O)c1ccc(Cl)cc1Cl
0,CC(C)[C@@H]1CC[C@@H](C)C[C@H]1O
0,Oc1ccccc1C=O
0,COc1ccccc1O
1,Oc1cccc2ccccc12
1,CC(=O)OC(c1ccccc1)C(Cl)(Cl)Cl
0,O=C1CCCCC1C2CCCCC2
0,COC(OC)C(C)c1ccccc1
0,OC(c1ccccc1)c2ccccc2
0,c1ccc2ccccc2c1
0,COC(=O)c1ccccc1\N=C\C(C)Cc2ccc(cc2)C(C)(C)C
0,Cc1ccc2ncccc2c1
0,CCCCC\C(=C/c1ccccc1)\C(OC)OC
0,Cc1ccc2OC(=O)C=Cc2c1
1,CCN(CCCl)c1ccccc1
0,c1ccc(cc1)c2ccccc2
1,C1CN(CCO1)c2ccccc2
1,Oc1ccc(cc1)c2ccc(O)cc2
0,COc1ccc2ccccc2c1
0,CCOc1ccc2ccccc2c1
0,CC(C=O)c1ccccc1
1,CC(Oc1ccc(Cl)cc1C)C(=O)O
0,CC(Oc1cc(Cl)c(Cl)cc1Cl)C(=O)O
0,CC(OC(=O)C)c1ccccc1
0,CC(C)CCOC(=O)c1ccccc1
0,O=C(OCCc1ccccc1)c2ccccc2
0,CC(=CCC\C(=C\COC(=O)c1ccccc1)\C)C
0,CCCc1ccc2OCOc2c1
0,C=CCc1ccc2OCOc2c1
1,Cc1cc(Cl)ccc1OCC(=O)O
1,OC(=O)COc1ccc(Cl)cc1Cl
1,CCCCOC(=O)COc1ccc(Cl)cc1Cl
0,OC(=O)CCCOc1ccc(Cl)cc1Cl
1,CCCC(O)C(CC)CO
0,CCN(CC)C(=S)SCC(=C)Cl
1,CC(C)N(Sc1nc2ccccc2s1)C(C)C
0,CC(C)(C)NSc1nc2ccccc2s1
0,C1CCC(CC1)NSc2nc3ccccc3s2
1,Cc1ccccc1O
0,Clc1ccccc1Cl
1,CC1OC(=O)C(C)OC1=O
1,ClCC(Br)CBr
1,OCC(Br)CBr
1,COC(=O)C=C
0,CC1CCCO1
1,[O-][N+](=O)c1ccc(Cl)c(c1)[N+](=O)[O-]
1,Clc1ccc(OS(=O)(=O)c2ccccc2)c(Cl)c1
0,CCOP(=S)(OCC)Oc1ccc(Cl)cc1Cl
0,CCCC(C)C(=O)O
0,CCOC(=O)C(C)O
0,CCOC(=O)C1CC2CC1C3OC23
1,CC(CCN(C)C)N(C)C
0,CC(C)COC(=O)C(C)C
0,CCCCOC(=O)C(C)C
1,OCc1occc1
0,ClC(Cl)(Cl)c1ccccc1
1,Nc1cccc(c1)C(F)(F)F
0,Cc1ccc(cc1)C(C)(C)C
0,CC(C)(C)C1CCC(O)CC1
0,CC(C)(C)C1CCC(=O)CC1
1,CC(C)(C)c1ccc(cc1)C(=O)O
1,Nc1c(Cl)cc(cc1Cl)[N+](=O)[O-]
1,ClC(=O)c1cccc(c1)C(=O)Cl
1,[O-][N+](=O)c1cccc(c1)[N+](=O)[O-]
0,CC(C=O)c1ccc(C)cc1
0,COC(=O)c1ccc(C)cc1
0,[O-][N+](=O)c1ccc(Cl)cc1
0,CCOc1ccc(cc1)[N+](=O)[O-]
1,N#Cc1ccccc1
1,OCc1ccccc1
1,C1CN2CCC1CC2
0,CC(C)(O)Cc1ccccc1
0,Clc1ccccc1Nc2nc(Cl)nc(Cl)n2
1,CC(Oc1cccc(Cl)c1)C(=O)O
0,Nc1ccc(Cc2ccc(N)c(Cl)c2)cc1Cl
1,Clc1ccc(NC(=O)Nc2ccc(Cl)c(Cl)c2)cc1
0,ClCC#CCOC(=O)Nc1cccc(Cl)c1
0,C\C(=C/c1ccccc1)\C=O
0,C(C1OCCO1)c2ccccc2
0,Nc1ccc(Nc2ccccc2)cc1
1,Nc1ccc(Cc2ccc(N)cc2)cc1
0,C(c1ccccc1)c2ccccc2
0,O(c1ccccc1)c2ccccc2
0,CCCCC\C(=C/c1ccccc1)\CO
0,Cc1ccc(OC(=O)Cc2ccccc2)cc1
0,CCC(C)Nc1ccc(NC(C)CC)cc1
1,N=C(Nc1ccccc1)Nc2ccccc2
0,CC(C)COC(=O)Cc1ccccc1
0,COc1ccc(COC(=O)Cc2ccccc2)cc1
0,CC(=CCC\C(=C\COC(=O)Cc1ccccc1)\C)C
1,CCCCOP(OCCCC)OCCCC
0,CC(C)(O)CCc1ccccc1
0,CCCCC(CC)CCC(C)O
0,COC(=O)\C=C\c1ccccc1
0,C(Cc1ccccc1)c2ccccc2
0,CCOC(=O)\C=C\c1ccccc1
0,CCCC(=O)OCc1ccccc1
0,CC(C)CC(=O)OCc1ccccc1
0,CC(=O)OCCc1ccccc1
0,CCC(=O)OC\C=C\c1ccccc1
0,CC(C)C(=O)OC\C=C\c1ccccc1
0,CC(C)C(=O)OCCOc1ccccc1
0,OC(=O)Cc1ccccc1
1,CN(C)Cc1ccccc1
0,COc1ccc(CCC(=O)C)cc1
0,CCC(=O)\C=C\c1ccc(OC)cc1
0,CCCc1ccc(OC)cc1
0,COc1ccc(\C=C\C)cc1
0,O=CCCc1ccccc1
0,OC\C=C\c1ccccc1
1,O=COCc1ccccc1
0,CCCCCC1CCC(=O)O1
0,O=COCCc1ccccc1
1,CCCCC(CC)CO
0,COc1ccc(C)cc1
1,CC(C)COC(=O)CCc1occc1
0,CCCC1CCC(=O)O1
1,CCCC(O)C#C
1,CCOC(=O)CCl
1,CCCC(=O)OCC
0,CC(C)OC(=O)OOC(=O)OC(C)C
0,CCCCOC(=O)\C=C/C(=O)OCCCC
0,CC(=CCC\C(=C\COC=O)\C)C
0,CCC(=O)OCC[C@@H](C)CCCC(=C)C
0,CCC(=O)OC\C=C(/C)\CCC=C(C)C
0,O=C1CCCCCCCCCCCCCCO1
0,CC(C)CCCC(C)CCO
0,CC(CCO)CCC=C(C)C
0,CC(CCC=C(C)C)CC=O
0,CCCC(=O)OCCC(C)C
0,CCCC(=O)OC\C=C(/C)\CCC=C(C)C
0,CCCCCCC(=O)OCC
0,CCCOC(=O)CC
1,Cc1ccc(O)cc1
1,Clc1ccc(Cl)cc1
1,Nc1ccc(Cl)cc1
1,Cc1ccc(N)cc1
0,COC(=O)CCC(=O)OC
0,CCC(CO)CC(C)C
0,CC(CCC=C(C)C)C=O
0,CCCCCCC(=O)OC
1,ClCC1CO1
1,C=CC(=O)OCC1CO1
0,C=CCOCC1CO1
1,BrCCBr
1,C=CC=O
0,ClCC=C
0,ClCCCl
1,OCCCl
1,CCCN
1,NCC=C
1,C=CC#N
1,OCC#N
1,OCC#C
1,ClCC=O
0,COC=C
0,COC=O
1,CC(C)OP(=O)(C)F
0,CC(C)(C)CC(C)(C)N
0,CC(CCO)CCCC(C)(C)O
0,CCCC(=O)C
0,CC(O)CCO
1,CC(O)CC=O
0,COCC(C)O
0,CC(=O)OC=C
1,CC(C)CC(C)N
0,CC(C)NC(C)C
0,CC(C)OC(=O)Cl
0,CC1CCC(=O)O1
0,O=C1OC(=O)C=C1
0,Cc1cccc(O)c1
0,Cc1cccc(N)c1
0,Oc1cccc(O)c1
1,O=C1CCCC(=O)O1
0,COC(=O)CC(=O)OC
0,COCC(C)OC(=O)C
1,Nc1nc(N)nc(N)n1
0,Oc1nc(O)nc(O)n1
0,CC(C)CC(O)CC(C)C
0,CC(C)CC(=O)CC(C)C
1,Oc1ccccc1
1,Sc1ccccc1
1,Clc1ccccn1
0,CCCCCCCCOC(=O)C(C)C
0,CC(=C)C(=O)OCCOCCOCCOCCOC(=O)C(=C)C
0,CCCCOC(=O)CC(C)C
0,CCCCOC(=O)CCC
0,O=C1CCCCCCCCCCCCCCCO1
0,CCCCOC(=O)CCCCCCCCC=C
1,COCCO
1,OC(=O)\C=C/C(=O)O
0,CN(C)CCN(C)C
0,CC(C)COC(=O)C
0,CCCCCCCCCCCCCC(=O)OC(C)C
0,CCCCCCCCCC(C)C=O
0,CC(C)CCOC=O
1,NCCCCN
0,ClCCOC=C
0,CCOCCO
1,c1ccncc1
1,C1CCNCC1
0,CC(=CCCC(=O)C)C
0,CCCCCC#CC(=O)OC
1,CCCCCCC(=O)C
1,NCCNCCN
1,ClCCOCCCl
0,OCCOCCO
0,CCCCCCCCCCCCCCCCCC(=O)OCC
0,CCCCCCCC\C=C/CCCCCCCC(=O)OCC
1,CCCCCCCO
0,CCCCCCC=O
1,CCCCOCCO
1,CCCCNCCCC
0,N#CCCSCCC#N
0,CCCCCCCOC(=O)C
1,CCCCOCCOC(=O)C
0,CCCCCCCCCC(=O)C
0,CCCCCCCCOC(=O)C
0,CCCCCCCCCCOC(=O)C
1,NCCNCCNCCN
0,CCCCCCCCOC=O
0,CCCCOCCOCCO
0,OCCCCCCCCCC=C
0,C=CCCCCCCCCC=O
1,CCCCOCCOCCSC#N
0,CCCCCCCCCCCCCO
1,CCCCC(CC)CN1C(=O)[C@@H]2[C@H]3C[C@H](C=C3)[C@@H]2C1=O
0,ClC1=C(Cl)C2(Cl)C3C(C(=O)OC3=O)C1(Cl)C2(Cl)Cl
1,ClC1=C(Cl)C2(Cl)C3COS(=O)OCC3C1(Cl)C2(Cl)Cl
0,CC1(C)[C@@H]2CC[C@@]1(C)[C@@H](C2)OC(=O)CSC#N
1,OC(c1ccc(Cl)cc1)(c2ccc(Cl)cc2)C(Cl)(Cl)Cl
0,C\C(=C\CC[C@]1(C)C2C[C@@H]3[C@H](C2)C13C)\CO
1,CCCC[P+](CCCC)(CCCC)Cc1ccc(Cl)cc1Cl
0,CCCCC(CC)(CO)CO
0,O=P(Oc1ccccc1)(Oc2ccccc2)Oc3ccccc3
0,COP(=S)(OC)Oc1ccc(cc1)S(=O)(=O)N
0,CC(=CCCC(C)(OC=O)C=C)C
0,CC1CC(O)CC(C)(C)C1
1,CNC(=O)ON=CC(C)(C)SC
0,ClC(Cl)(Cl)C(=O)C(Cl)(Cl)Cl
1,CC(C)OP(OC(C)C)OC(C)C
0,Clc1ccc(cc1)S(=O)(=O)c2cc(Cl)c(Cl)cc2Cl
0,Cc1c(cc2c(c1[N+](=O)[O-])C(C)(C)CC2(C)C)[N+](=O)[O-]
0,Clc1c(Cl)c(Cl)c2C(=O)OC(=O)c2c1Cl
1,ClC1=C(Cl)C(=O)c2ccccc2C1=O
0,CCCCC(CC)COC(=O)c1ccccc1C(=O)OCC(CC)CCCC
0,CC1(C)N(Cl)C(=O)N(Cl)C1=O
1,CC(C)(C)c1cc(Cc2cc(c(O)c(c2)C(C)(C)C)C(C)(C)C)cc(c1O)C(C)(C)C
1,CCOP(=S)(OCC)OC1=NN(C(=O)C=C1)c2ccccc2
0,C\C(=N/O)\C(=O)c1ccccc1
0,OC(C(=O)c1ccccc1)c2ccccc2
0,O=C(c1ccccc1)c2ccccc2
0,O=C1CCc2ccccc2O1
0,COc1ccc(C=O)cc1OC
1,CCN(CC)c1ccc(C=O)cc1
0,CCC(=O)OC(C)c1ccccc1
0,O=C(OCc1ccccc1)c2ccccc2
0,CCCCCCCCS(=O)C(C)Cc1ccc2OCOc2c1
1,OCCOc1ccc(Cl)cc1Cl
1,c1ccc2[nH]ccc2c1
0,S(Sc1nc2ccccc2s1)c3nc4ccccc4s3
1,Oc1ccccc1O
0,Cc1cccc(C)c1OP(=O)(Oc2c(C)cccc2C)Oc3c(C)cccc3C
0,CCOc1cc(C=O)ccc1O
0,COc1cc(C=O)ccc1O
0,COP(OC)OC
0,CCOC(=O)CC(SP(=S)(OC)OC)C(=O)OCC
0,COC(=O)c1ccc(OC)cc1
0,CC(C)c1ccc(C=O)cc1
1,COC(=O)C\C(=C\C(=O)OC)\OP(=O)(OC)OC
1,COP(=S)(OC)Oc1ccc(c(C)c1)[N+](=O)[O-]
0,CCNc1nc(Cl)nc(NCC)n1
0,CCCCOC(=O)Cc1ccccc1
0,COc1cc(CCC(=O)C)ccc1O
0,CCOP(OCC)OCC
0,OC(=O)COc1ccccc1
0,O=C(OCCCc1ccccc1)C=Cc2ccccc2
0,CCC(=O)OCCc1ccccc1
0,CC(=O)OCCCc1ccccc1
0,CCC(=O)OCCCc1ccccc1
0,O=CCc1ccccc1
0,COc1ccc(CC(=O)C)cc1
0,CCCCC(CC)C=O
0,COc1ccc(C=O)cc1
0,Nc1ccc(O)cc1
0,O=C1NNC(=O)C=C1
0,CC(=CCCC(=C)C=C)C
0,CC(=O)CC(C)(C)O
1,OC(=O)CS(=O)(=O)O
1,CCCCCC(=O)OCC=C
0,O=C1CCCCC\C=C/CCCCCCCCO1
1,C\C=C\C=O
0,CC(=O)CCC(=O)O
0,CCCCOC(=O)C
0,CC(C)CCOC(=O)C
0,CCCCCCCC(=O)O
1,NCCCCCCN
0,CCCCOCCOCCOC(=O)C
0,CCCCCCCCCCCCCC=O
0,CC1(C)[C@@H]2CC[C@@]1(C)[C@H](O)C2
0,CC(=O)OC[C@H]1O[C@H](O[C@]2(COC(=O)C)O[C@H](COC(=O)C)[C@@H](OC(=O)C)[C@@H]2OC(=O)C)[C@H](OC(=O)C)[C@@H](OC(=O)C)[C@@H]1OC(=O)C
1,O=CC12CC=CCC1C3CC=CCC3O2
0,CC(=CCCC(C)(OC(=O)c1ccccc1)C=C)C
0,BrCC(Br)COP(=O)(OCC(Br)CBr)OCC(Br)CBr
0,CCCCOP(=O)(OCCCC)OCCCC
1,CC(=C)C#N
1,CC(Cl)(Cl)C(=O)O
1,FC(F)(Cl)C(=O)C(F)(F)Cl
0,COC(=O)[C@]1(C)CCC[C@]2(C)[C@H]3CCC(=CC3=CC[C@@H]12)C(C)C
0,CC(C)(C)c1cccc(c1O)C(C)(C)C
0,CC1(C)C2CC=C(CCO)C1C2
1,OC(=O)[C@@H]1[C@H]2CC[C@H](O2)[C@@H]1C(=O)O
1,[O-][N+](=O)c1ccc2c(c1)C(=O)c3cc(cc(c23)[N+](=O)[O-])[N+](=O)[O-]
0,C=CCOC(=O)c1ccccc1C(=O)OCC=C
0,O=P(Oc1ccccc1)(Oc2ccccc2)Oc3ccccc3c4ccccc4
1,OC(=O)c1ccccc1C(=O)Nc2cccc3ccccc23
0,ClC(Cl)(Cl)SN1C(=O)c2ccccc2C1=O
0,Nc1cc(Cl)cc(C(=O)O)c1Cl
0,COC(=O)c1ccccc1N
0,COc1ccccc1C=O
0,Oc1ccc2ccccc2c1
0,CCCOC(=O)c1ccc(nc1)C(=O)OCCC
0,CCCCOC(=O)c1ccccc1
1,Cc1ccccc1NCCO
0,CCCCCCCC1CCCC1=O
1,CNC(=S)S
0,CCCCOC(=O)C(C)O
0,CC(C)Nc1nc(Cl)nc(NC(C)C)n1
1,CCC(C)CC(CC)Nc1ccc(NC(CC)CC(C)CC)cc1
0,CC(CCOC(=O)Cc1ccccc1)CCC=C(C)C
1,ClCCOP(OCCCl)OCCCl
0,CC(=O)OCc1ccccc1
0,CC(C)CC(=O)OCCc1ccccc1
0,CC(C)CC(=O)OC\C=C\c1ccccc1
1,N#CCc1ccccc1
0,CC(=O)Oc1ccc(C)cc1
1,CN(C)C(=O)Nc1ccc(Cl)cc1.OC(=O)C(Cl)(Cl)Cl
1,CC(C)(C)CC(C)(C)c1ccc(O)cc1
0,COc1ccc(CC=C)cc1
1,OC(=O)CCC(=O)O
0,CC(CCCC(=C)C)CCOC(=O)C
0,CC(=CCC\C(=C/COC(=O)C)\C)C
0,CC(CCCC(C)C=O)CCC=C(C)C
0,CCC(=O)OCCC(C)CCC=C(C)C
1,COP(=O)(OC)O\C(=C\C(=O)N(C)C)\C
0,CC(=CC(=O)C)C
1,CCCCCCC(=O)OCC=C
1,CCCNCCC
0,CCCCCCCCCCCCCCCC(=O)OC(C)C
0,CCCCCCOC(=O)C
1,CCCCCCNCCCCCC
1,ClC1(Cl)C2(Cl)C3(Cl)C4(Cl)C(=O)C5(Cl)C(Cl)(C1(Cl)C35Cl)C24Cl
0,CCC(=O)OC(C)(CCC=C(C)C)C=C
0,Cc1c(C)c(c(c(c1C)[N+](=O)[O-])C(C)(C)C)[N+](=O)[O-]
0,ON(N=O)c1ccccc1
0,Sc1nc2ccccc2s1
0,CCCCSP(SCCCC)SCCCC
0,CN(C)C(=O)Nc1ccc(Cl)cc1
0,CC(C)CCC[C@@H](C)CCC[C@@H](C)CCC\C(=C\CO)\C
0,CCC(C)CCC(C)(O)CC
0,CCOc1ccc(N)cc1
0,Cl\C=C\Cl
0,c1ccc2c(c1)c3cccc4cccc2c34
1,O1c2ccccc2C=Nc3ccccc13
1,ClC1OC(Cl)C2C1C3(Cl)C(=C(Cl)C2(Cl)C3(Cl)Cl)Cl
1,COP(=S)(OC)Oc1ccc(cc1)[N+](=O)[O-]
1,COC(=O)\C=C(/C)\OP(=O)(OC)OC
1,CCOP(=S)(OCC)SCSCC
1,C1O[C@H]1[C@H]2CO2
1,CCOP(=S)(OCC)Oc1ccc2C(=CC(=O)Oc2c1)C
1,COP(=S)(OC)Oc1cc(Cl)c(Cl)cc1Cl
1,COP(=S)(NC(C)C)Oc1ccc(Cl)cc1Cl
1,CNP(=O)(OC)Oc1ccc(cc1Cl)C(C)(C)C
1,COP(=O)(OC)OC(Br)C(Cl)(Cl)Br
0,CCCCCCCCCCCC(=O)OCCSC#N
0,CCCCC(CC)COP(OCC(CC)CCCC)OCC(CC)CCCC
1,FC(F)(F)C(Cl)Cl
1,ClC1=C(Cl)[C@@]2(Cl)[C@H]3[C@H]4C[C@H](C=C4)[C@H]3[C@]1(Cl)C2(Cl)Cl
1,CCOP(=O)(OCC)Oc1ccc(cc1)[N+](=O)[O-]
1,CCOP(=O)(OCC)O\C=C\Cl
0,CCC(C)N1C(=O)NC(=C(Br)C1=O)C
1,CNC(=O)Oc1cc(C)c(N(C)C)c(C)c1
0,CC1=C(Cl)C(=O)Oc2cc(OP(=O)(OCCCl)OCCCl)ccc12
0,CC(=O)OCc1ccc2OCOc2c1
0,FC(F)(F)c1ccc(Cl)c(Cl)c1
0,CON(C)C(=O)Nc1ccc(Cl)c(Cl)c1
1,CCOP(=S)(OCC)N=C1SCCS1
0,CCOP(=S)(OCC)Oc1cc(C)nc(n1)C(C)C
0,Nc1ccc(F)c(c1)[N+](=O)[O-]
1,[O-][N+](=O)c1cc(cc(c1Cl)[N+](=O)[O-])C(F)(F)F
0,CC(=O)C(=O)C
1,COC(=O)CF
1,CC(=CCC\C(=C\C(=O)O)\C)C
0,CC(C)[C@@]12CC[C@@](C)(CC1)O2
1,CCOP(=O)(OCC)O\C(=C/Cl)\c1ccc(Cl)cc1Cl
0,CC1(C)CCC[C@@]2(C)[C@@H]3CC[C@@H]([C@H]13)C2=C
1,CCC(C)c1cc(cc(c1OC(=O)C=C(C)C)[N+](=O)[O-])[N+](=O)[O-]
0,CC\C=C/CC1=C(C)CCC1=O
0,CC(=CC(=O)c1ccccc1)c2ccccc2
1,[O-]\[N+](=N/c1ccccc1)\c2ccccc2
0,CC(=CCC\C(=C/1\CCC(=CC1)C)\C)C
0,CC1CCC(CC1)C(C)(C)O
1,CC(C)C1=CC=CC(=O)C(=C1)O
1,CC(CCC=C(C)C)CC(=O)O
1,ClCCSCCCl
1,CCOC(=O)C(O)(c1ccc(Cl)cc1)c2ccc(Cl)cc2
0,CC(O)C(=O)C
0,C[C@@](O)(CC[C@H]1[C@](C)(O)CC[C@H]2C(C)(C)CCC[C@]12C)C=C
1,COc1cc(cc(OC)c1OC)[C@H]2[C@@H]3[C@H](COC3=O)[C@@H](O)c4cc5OCOc5cc24
0,CN1CSC(=S)N(C)C1
1,ClCC(=O)CCl
0,COC(C)OC
1,Cc1cc(cc(c1O)[N+](=O)[O-])[N+](=O)[O-]
0,CC(=C)C1CCC(=CC1)CO
0,CC(C)c1ccc(CO)cc1
1,CCN(CCCl)CCCl
0,CCCCOC(=O)\C=C\c1ccccc1
0,CCOC(=O)CCC(=O)C
0,CCCC(=O)OCC(C)C
0,CCCCCOC(=O)CCCCC
1,CC(=O)OC(C)(C)C
0,CCOC(=O)Cl
0,CC(=CC(=O)O)C
0,CCC(C)CC(=O)CC
1,ClC\C=C\Cl
1,C1C=CC=C1
0,CC(C)(O)CCCC(=C)C=C
0,CCCCSCCCC
0,CCC\C=C/1\OC(=O)c2ccccc12
0,CCC(=O)OC
1,ClCCN(CCCl)CCCl
1,Clc1ccc(OCOc2ccc(Cl)cc2)cc1
1,OCC1CO1
1,CN=C=S
0,CC(=CCO)C
1,ON=CC=NO
1,C=CCOCC=C
0,CC\C=C/CC\C=C\C=O
1,CS(=O)(=O)F
0,C\C(=C\Cl)\Cl
0,CC(C)C(=O)C
0,CC1(C)[C@H]2CC=C(C=O)[C@@H]1C2
1,OC(=O)C(Cl)CCl
1,Cc1cccc(C)c1O
0,Cc1ccc(CO)cc1
0,CC(C)COC(=O)CC(C)C
0,CCCCCC(O)CC
0,CCCCOC(=O)CC
0,CCCCC(=O)C
1,CC(=O)OCC=C
0,C=CCSCC=C
1,ClSC(Cl)(Cl)Cl
1,COC(=O)N
0,CCC(=O)C(=O)C
0,c1ccc(cc1)P(c2ccccc2)c3ccccc3
0,COC(=O)c1ccccc1OC
0,Cc1ccc(OC(=O)c2ccccc2O)cc1
1,COC(=O)c1occc1
0,Cc1ccc(OC(=O)c2ccccc2)cc1
1,Oc1ccc(Br)cc1Br
1,CC1=CC(=O)OC1=O
1,OCC(Cl)CCl
0,COC(=O)OC
0,CC(C)(O)c1ccccc1
0,CC1CCC(CC1O)C(=C)C
0,CCCC(=O)OC
0,COC(=O)\C=C\C
0,CCCCCCCC(=O)OCCC
1,COC(=O)\C=C\C(=O)OC
0,CCCCCOC(=O)CC
1,N#Cc1cccc(c1)C#N
0,CCCCCC(=O)OCCCC
0,OCCCCCCO
0,CCCCCCOC=O
0,CCCCCCCCCCCCCCCCOC(=O)C
0,ClCC(Cl)(Cl)Cl
1,ClC(Cl)C(=O)C(Cl)Cl
0,CN(C)C(=O)N(C)C
0,Brc1c(Br)c(Br)c2C(=O)OC(=O)c2c1Br
1,CCOC(C)(C)C
0,CCCCCOC=O
1,CN(C)C(=O)Oc1cc(C)n(n1)C(=O)N(C)C
1,Fc1nc(F)nc(F)n1
0,CN(C)P(=O)(N(C)C)N(C)C
1,ClCCOCCC(OCCCl)OCCCl
0,CC(=CCC\C(=C\CCC(=O)C)\C)C
0,CCOC(=O)CCCCCCCCC=C
0,CCC1CCC(=O)O1
0,CCCC1CCCC(=O)O1
1,Cc1cc(O)c(C)c(C)c1O
0,Oc1ccc(cc1)C2=CCCCC2
0,CCC(=O)Nc1ccc(Cl)c(Cl)c1
0,CCCCCCCC1CCCC(=O)O1
0,COP(=S)(OC)SCN1C(=O)c2ccccc2C1=O
1,CC(C)OP(=S)(OC(C)C)SCCNS(=O)(=O)c1ccccc1
1,C\C(=C/C(O)(C(F)(F)F)C(F)(F)F)\CC(O)(C(F)(F)F)C(F)(F)F
1,CCCN(CCC)C(=O)SCC
1,ClCC(Cl)C=C
1,FCCBr
0,CCCCCCCCCCOC=C
1,O=CC1CO1
0,CC(C)Nc1ccccc1
1,CC(O)COc1ccccc1
1,CCOP(=S)(OCC)SCSc1ccc(Cl)cc1
0,CC(C)CC(C)Nc1ccc(Nc2ccccc2)cc1
1,CSP(SC)SC
1,OCCOC(=O)C=C
0,CCCCCCCC(=O)C
0,Oc1ccc(cc1)[N+](=O)[O-]
0,OC1CCC2CCCCC2C1
0,C1CCC(CC1)c2ccccc2
0,CCNc1nc(NC(C)C)nc(SC)n1
0,[O-][N+](=O)c1ccc(Nc2ccccc2)cc1
1,COP(=O)OC
1,CCN(CC)CCCl
0,CN1CCCC1=O
0,CCNc1nc(NC(C)(C)C)nc(SC)n1
1,CN(C)CC#N
0,CCC\C=C\CO
0,CC\C=C/CCO
0,CCCCCCCCCCCCCOCCOCCOCCOCCOCCOCCO
1,O=C1CCCC=C1
1,CC1=CC(=O)C(=C(C)C1=O)C
0,CC(=O)c1cccc2ccccc12
0,COc1ccc(\C=C\C(=O)C)cc1
1,CCOP(=S)(CC)Sc1ccccc1
1,CCOP(=O)(OCC)N=C1SCCS1
1,CCOP(=O)(OCC)\N=C\1/SCC(C)S1
1,COC1=NN(CSP(=S)(OC)OC)C(=O)S1
0,COP(=S)(OC)SCSc1ccc(Cl)cc1
1,C=CC(=O)N1CN(CN(C1)C(=O)C=C)C(=O)C=C
0,CCC(C)c1cc(cc(c1OC(=O)OC(C)C)[N+](=O)[O-])[N+](=O)[O-]
0,Cc1ccc2nc3cc4c(O)c5cc(C)ccc5nc4cc3c(O)c2c1
0,CC(C)(C)c1ccc(OP(=O)(Oc2ccccc2)Oc3ccccc3)cc1
1,CCCCP(CCCC)CCCC
1,C=CCOC(=O)\C=C/C(=O)OCC=C
1,C[N+](C)(C)CCCl
1,CCCCN1CCOCC1
1,CN(C)P(=O)(N(C)C)n1nc(nc1N)c2ccccc2
0,OC(=O)CNCP(=O)(O)O
0,CNC(=O)Oc1cccc2sccc12
0,CC(=CCC\C(=C\CC\C(=C\CCC(C)(O)C=C)\C)\C)C
0,CCCCN(CC)C(=O)SCCC
0,CC(=CCC\C(=C\C=C(/C)\C(=O)C)\C)C
0,CCCCCCCC(=O)OCCCCCC
0,CC(=O)OC(C)(C)CCCC(=C)C=C
1,CN(C)c1ccncc1
0,CC(CO)c1ccccc1
0,COC(OC)c1ccccc1
0,CCCCCC1=C(C)CCC1=O
0,CNC(=O)Oc1cccc(C)c1
0,CCSC(=O)N(CC)C1CCCCC1
1,CNC(=O)Oc1cccc2CCCCc12
1,CC1(C)C[C@H]2[C@H]1CC[C@@]3(C)O[C@@H]3CCC2=C
0,CC(=CCOC(=O)C)C
1,C(c1occc1)c2occc2
1,COc1ccccc1\N=N\c2c(O)ccc3ccccc23
0,CCCCC(CC)COP(=O)(Oc1ccccc1)Oc2ccccc2
0,S=P12SP3(=S)SP(=S)(SP(=S)(S3)S1)S2
0,Oc1c(Br)cc(Br)cc1C(=O)Nc2ccc(Br)cc2
1,Cc1cccc(C)c1
1,OCCC(O)Cl
1,CC(CO)OCC=C
0,ClC(Cl)Cc1ccccc1
0,ClCCc1ccccc1
1,CC(NCCO)c1ccccc1
1,CC(C)c1ccnc2ccccc12
0,CCC(=O)\C=C\C1=C(C)CCCC1(C)C
0,C[C@@H]1CC[C@H]2C(C)(C)[C@H]3C[C@@]12CC=C3COC(=O)C
1,Cc1cc(O)c(cc1C)C(C)(C)C
1,Oc1ccc2CCCc2c1
1,NCc1cccc(CN)c1
1,CCCP(=O)(CCC)CCC
0,CCOP(=O)(Cl)Cl
0,C\C(=C/c1ccccc1)\CO
0,COc1ccccc1\C=C\C=O
1,CNC(=O)Oc1cccc2CC(C)(C)Oc12
0,CCCOCC(C)O
0,CCOCC(C)O
1,NCCCCC(CN)CCCN
0,CN(C)NC(=O)CCC(=O)O
0,COc1nc(NC(C)C)nc(NC(C)C)n1
0,COCCOC(=O)N
1,Cc1ccc(cc1)N2C(=O)C=CC2=O
1,CCOC(=O)CC(SP(=O)(OC)OC)C(=O)OCC
1,CSC(C)(C)\C=N\O
1,CNC(=O)O\N=C\C(C)(C)S(=O)(=O)C
0,CC(C)(c1ccc(OCC2CO2)cc1)c3ccc(OCC4CO4)cc3
1,C=CC(=O)OCCOCCOCCOC(=O)C=C
0,Oc1c(Br)cc(cc1Br)C#N
1,CCCCCCCC(=O)Oc1c(Br)cc(cc1Br)C#N
0,NC1=C(Cl)C(=O)N(N=C1)c2ccccc2
1,OC(=O)c1nc(Cl)ccc1Cl
0,OCC1COC(O1)c2ccccc2
1,CC(C)COC(=O)COc1ccc(Cl)cc1Cl
1,CC(F)(Cl)Cl
0,O=C1CCCCCCCCOCCCCCCO1
0,C\C=C(/C)\C(=O)OC(C)C
1,Clc1cc2Oc3cc(Cl)c(Cl)cc3Oc2cc1Cl
1,CC(=NNC(=S)N)C
1,CNP(=O)(NC)Oc1ccccc1
1,CCOP(=S)(OCC)O\C(=C\Cl)\c1cc(Cl)ccc1Cl
0,CC(=CC1CC(=CCO1)C)C
1,CCCCOP(=O)OCCCC
0,CC(C)OP(=O)OC(C)C
1,Cc1cccc(N)n1
0,COC(=O)c1c(Cl)c(Cl)c(C(=O)OC)c(Cl)c1Cl
0,C=CCOC(=O)\C=C\c1ccccc1
0,Clc1c(Cl)c(C#N)c(Cl)c(C#N)c1Cl
1,C[n+]1ccc(cc1)c2cc[n+](C)cc2
0,CCNc1nc(Cl)nc(NC(C)C)n1
1,COc1c(Cl)ccc(Cl)c1C(=O)O
0,Nc1c(Cl)c(Cl)nc(C(=O)O)c1Cl
1,CC(C)N(C(=O)CCl)c1ccccc1
0,COC(=O)Nc1ccc(Cl)c(Cl)c1
1,CCCCOCCOC(=O)COc1ccc(Cl)cc1Cl
0,CCCSC(=O)N(CCC)CCC
1,Clc1cccc(n1)C(Cl)(Cl)Cl
0,COC(=O)COc1cccc2ccccc12
1,CN(C)\N=N\c1ccc(NC(=O)C)cc1
1,CCOP(=S)(CC)Sc1ccc(Cl)c(C)c1
1,CC(=O)OC\C=C\OC(=O)C
0,CN(C)C(=O)Nc1ccc(Oc2ccc(Cl)cc2)cc1
0,CNC.OC(=O)COc1ccc(Cl)cc1Cl
0,CCSC(=O)N(CC(C)C)CC(C)C
0,CCCCCCCC(=O)OCCC(C)C
1,CCCC(=O)OCC=C
0,CCCCOC(=O)CCC(=O)C
1,CCOP(=S)(Oc1ccc(cc1)[N+](=O)[O-])c2ccccc2
0,COP(=S)(OC)Oc1cc(Cl)c(Br)cc1Cl
0,CC(Cc1ccccc1)OC(=O)C
0,CCOC(=O)Cc1cccc2ccccc12
0,OC(=O)c1c(Cl)c(Cl)c(C(=O)O)c(Cl)c1Cl
0,CC(C)(C)N(CCO)CCO
0,O=C1NC2=C(CCC2)C(=O)N1C3CCCCC3
0,CC(=C)C(=O)Nc1ccc(Cl)c(Cl)c1
0,CN(C)C(=O)Nc1cccc(c1)C(F)(F)F
0,CC(C)COc1ccc2ccccc2c1
0,C=CCSSCC=C
0,CCCCCC(=O)OCCC(C)C
0,CCSC(=O)N1CCCCCC1
1,Clc1ccc(Sc2cc(Cl)c(Cl)cc2Cl)cc1
0,C=C\C=C\C=C
1,CCOP(=S)(OCC)SCC(=O)NC(C)C
1,CNC(=O)C(C)SCCSP(=O)(OC)OC
1,CCCC(C)c1cccc(OC(=O)NC)c1
1,CNC.COc1c(Cl)ccc(Cl)c1C(=O)O
1,COC(=O)NS(=O)(=O)c1ccc(N)cc1
1,CC(C)N(C(C)C)C(=O)SC\C(=C\Cl)\Cl
0,CC(C)N(C(C)C)C(=O)SCC(=C(Cl)Cl)Cl
0,CCCC(C)C(=O)Nc1ccc(C)c(Cl)c1
1,CCOP(=S)(OCC)SCN1C(=O)Oc2cc(Cl)ccc12
0,CC(C)(C)c1ccc(OC2CCCCC2OS(=O)OCC#C)cc1
0,CC(C)C(=O)OC\C=C(\C)/CCC=C(C)C
0,CCCCCCOC(=O)C(C)C
1,ClC1(Cl)C2(Cl)C3(Cl)C4(Cl)C(Cl)(Cl)C5(Cl)C(Cl)(C1(Cl)C35Cl)C24Cl
0,ClC(Cl)C(Cl)(Cl)SN1C(=O)[C@@H]2CC=CC[C@@H]2C1=O
1,CC(CCl)[N+](=O)[O-]
1,C(CCOCC1CO1)COCC2CO2
0,CC(C)CCCCCCO
0,CCN(CC)C(=O)Cc1ccccc1
0,CCCCCCCC1CCCO1
0,CC(CCC=C(C)C)C=C
1,Cc1ccc2nc3SC(=O)Sc3nc2c1
0,CCCCCCCCCCCCNC(=N)N.CC(=O)O
0,CCCCCC(OC(=O)C)C=C
0,CCCCCCOC(=O)CC
0,Cc1ccc2C=CC(=O)Oc2c1
0,CCCCCC\C=C\C=O
1,CNc1ccc(NCCO)c2C(=O)c3ccccc3C(=O)c12
0,CCC\C=C\COC(=O)C
1,CCOP(=O)(C)SCC
0,CCCCOP(=O)(OCCCC)Oc1ccccc1
1,NCC1CCC(CN)CC1
0,CC(=O)CCc1ccccc1
0,CCOC(C)OCCc1ccccc1
0,CC1COC(O1)c2ccccc2
1,OS(=O)(=O)c1ccc(\C=C\c2ccccc2)c(c1)n3nc4ccc5cc(ccc5c4n3)S(=O)(=O)O
1,CCOc1nc(ns1)C(Cl)(Cl)Cl
1,CCOP(=O)(O\C=C\Cl)N(CC)CC
0,CNC(=O)Oc1ccccc1C(C)C
0,CCCCCCOC(=O)CCC
0,Oc1ccc(Sc2ccc(O)cc2)cc1
0,COc1cc(Cl)c(OC)cc1Cl
0,CNC(=O)Oc1cc(C)c(C)c(C)c1
1,CCCCCCCCN1CCCC1=O
1,[O-][N+](=O)N1CN(CN(CN(C1)[N+](=O)[O-])[N+](=O)[O-])[N+](=O)[O-]
0,Clc1ccc(NC(=O)C2CC2)cc1Cl
0,CCCCNC(=O)c1ccccc1
0,COP(=S)(OC)SCc1ccc(SP(=S)(OC)OC)cc1
1,CCCc1ccc(O)c(OC)c1
1,CC(C)CC(=O)OCC=C
1,COc1cc(N)c2C(=O)c3ccccc3C(=O)c2c1N
0,CC(=O)CC(C)(C)NC(=O)C=C
0,CCCCCCCCOC(=O)\C=C/C(=O)OCCCCCCCC
1,CCOP(=S)(CC)Sc1ccc(Cl)cc1
1,Nc1ccc(SC#N)cc1
1,ClC1CS(=O)(=O)CC1Cl
0,C\C=C(/C)\C=C\C=C(C)C
0,CCCCC\C=C/C=C/C(=O)OCC
0,CON(C)C(=O)Nc1ccc(Br)cc1
1,ClC(Cl)(Cl)S(=O)(=O)C(Cl)(Cl)Cl
0,Brc1cccc(C=O)c1
0,CCCOP(=S)(OCCC)OP(=S)(OCCC)OCCC
1,COP(=O)(OC)Oc1ccc(SC)cc1
1,OC(=O)C(Cl)(Cl)CCl
0,Oc1cc(Cl)ccc1Oc2ccc(Cl)cc2Cl
1,COP(=S)(OC)Oc1ccc(Sc2ccc(OP(=S)(OC)OC)cc2)cc1
0,CCCCCC(O)C=C
0,CC1CCCCN1CCCOC(=O)c2ccc(Cl)c(Cl)c2
0,CCCCCCCCSCCO
0,COCCc1ccccc1
1,CCCCCCCCS(=O)CCCCl
1,OS(=O)(=O)OCCOc1cc(Cl)c(Cl)cc1Cl
1,C=CCSC1=NCCS1
0,CC(=O)CCc1ccc(OC(=O)C)cc1
0,Cc1cccc(Oc2ccccc2)c1
0,CCOC(C)(C)CCCC(C)CC=O
0,CCCCC(CC)COP(=O)OCC(CC)CCCC
0,CCOP(=S)(OCC)SC1CCOC1=O
0,ONC(=O)\C=C\c1ccccc1
1,CCOC(=O)C(Br)CBr
0,CC\C=C/CCOC(=O)C
0,CS(=O)(=O)Oc1ccc(Cl)cc1Cl
1,CCOP(=S)(OCC)OP(=S)(OCC)OCC
1,Clc1ccc(cc1)C(C(=O)C2C(=O)c3ccccc3C2=O)c4ccccc4
1,C\C=C\C(=O)O
1,CC(=C)c1cccc(c1)C(=C)C
1,CC(C#C)N(C)C(=O)Nc1ccc(Cl)cc1
0,OC(=O)C(F)(F)C(F)(F)C(F)(F)C(F)(F)C(F)(F)C(F)(F)C(F)(F)F
0,CCCC(=O)C(=O)C
0,CCc1ccccc1OP(=O)(Oc2ccccc2CC)Oc3ccccc3CC
0,Cc1ccc(OP(=O)(Oc2ccc(C)cc2C)Oc3ccc(C)cc3C)c(C)c1
0,CCCCCCC\C=C\C=O
1,C=CC1OCCO1
0,CC(C)OCC1CO1
0,C\C=C\C=C\C(=O)NO
1,Cl\C=C\C[N+]12CN3CN(CN(C3)C1)C2
1,NCCN(CCN)CCN
0,NCCOC(=O)\C=C/C(=O)OCCN
0,CCSc1nc(NC(C)C)nc(NC(C)C)n1
1,CC(CO)Oc1ccccc1
1,CC(O)COC(=O)CBr
1,CCOC(=O)CCC(=O)CC1(O)C2(Cl)C3(Cl)C4(Cl)C(Cl)(Cl)C5(Cl)C(Cl)(C1(Cl)C35Cl)C24Cl
1,FCCOC(=O)C(c1ccccc1)c2ccccc2
1,CC(C)N(CCCl)C(C)C
1,OC(=O)\C=C/Cl
0,CN1\C(=N\N)\Sc2ccccc12
0,COC(OC)\C=C\c1ccccc1
0,CC(C)c1ccc(CC=O)cc1
0,O=C1CCC2CCCCC2O1
0,CC(CCCC(=O)C)CCC=C(C)C
1,CCC1COC(=O)O1
1,OCCC1CCCCC1
0,COC1CCC=CO1
1,CN(C)CCCl
1,CC(C)(C)NCCO
1,CCCN(CCC)c1c(cc(cc1[N+](=O)[O-])S(=O)(=O)C)[N+](=O)[O-]
1,C=CCOC(=O)CC1CCCCC1
1,CCOP(=S)(OCC)Oc1cc(Cl)c(Br)cc1Cl
0,CCC1=C(O)C(=O)C=CO1
1,CCOP(=S)(OCC)N1C(=O)c2ccccc2C1=O
0,CCCCOCC(C)O
0,CC(=CCOC(=O)c1ccccc1)C
1,Clc1ccc(cc1)C(Cl)(Cl)Cl
0,CC1=C(SCCO1)C(=O)Nc2ccccc2
1,OC(=O)CONC(=O)c1ccccc1
0,CC1=C(C(=O)Nc2ccccc2)S(=O)(=O)CCO1
0,CCCCOCCOCCOC(OCCOCCOCCCC)c1ccc2OCOc2c1
0,COC1CC2CCC1(C)C2(C)C
0,CCCCCC(C)(O)CC
0,CC(=CCC\C(=C\C=O)\C)C
0,CCCCCCCC\C=C/CCCCCCCC(=O)OCC1CO1
0,CCCCCCOC(=O)C(C)(C)C
0,CC(CC=O)CC(C)(C)C
0,COc1ccc(CC(C)C=O)cc1
0,Clc1cc2NC(=O)Oc2cc1Br
0,CC(=CCC\C(=C\C#N)\C)C
1,COP(=S)(OC)Oc1nc(Cl)c(Cl)cc1Cl
0,CC(C=C)C(C)C=O
0,COC(=O)CCCCCCC\C=C\C
0,CC(C)OC(=O)C(O)(c1ccc(Cl)cc1)c2ccc(Cl)cc2
0,CCOC(=O)\C(=C\C)\C
0,CCCCCCCOC(=O)CCC
0,CC1(C)[C@@H]2CC[C@@]1(C)[C@@H](C2)OC(=O)C=C
1,CN(C(=O)CF)c1cccc2ccccc12
1,CC\C=C\C=C\C=O
0,CCNc1nc(Cl)nc(NC(C)(C)C)n1
0,CC(C)CCCC(C)CC=O
0,CC(=C)[C@@H]1CCC(=CC1)C
1,Clc1sc(Cl)c(Cl)c1Cl
0,CC(=CCCC(C)(C)O)C
1,C\C=C\CO
1,COC(C)C=O
1,CC(Cl)COP(=O)(OCC(C)Cl)OCC(C)Cl
1,CN(C)\C=N\c1ccc(Cl)cc1C
1,CCC\C=C(\CC)/[N+](=O)[O-]
0,CCCCOC(OCCCC)C(OCCCC)OCCCC
0,Oc1ccc(cc1)C(=O)CCl
0,CCOC(=O)CC1(C)OCCO1
1,OS(=O)(=O)c1cc(ccc1\C=C\c2ccccc2)n3nc4ccc5ccccc5c4n3
1,Oc1nc(Cl)c(Cl)cc1Cl
1,ClC1CCC2SC1CCC2Cl
0,O=C1CCCCCCCCCCOCCCCO1
1,CCC\C=C\C=O
0,CC\C=C/CC=O
0,C[C@H](CCO)CCCC(=C)C
1,Cc1[nH]nc(Cl)c1[N+](=O)[O-]
1,O=C1CCCN1C2CCCCC2
1,CC(C)OP(=O)(C)O
1,CNC(=O)\C=C(/C)\OP(=O)(OC)OC
1,FC(F)(F)C(=O)C(F)(F)Cl.FC(F)(F)C(=O)C(F)(F)Cl
1,CNC(=O)Oc1ccccc1C2OCCO2
0,CC(=CCCC(C)(OC(=O)Cc1ccccc1)C=C)C
0,CC(=CCCC(C)(OC(=O)c1ccccc1N)C=C)C
1,CN(C)c1ccc(SC#N)cc1
0,CC(=CCC\C(=C\CCC(C)(O)C=C)\C)C
0,CSc1nc(NC(C)C)nc(NC(C)C)n1
1,CCCC(C)(C)C(=O)Nc1ccc(Cl)cc1
0,CCCCCCCCCCOC
1,N#CCN(CC#N)CC#N
0,CCCC\C(=C/c1ccccc1)\C=O
0,CCOC(OCC)\C=C(/C)\CCC=C(C)C
0,CCCOC(C)OCCc1ccccc1
0,CCC(=O)OCc1ccc(OC)cc1
1,COP(=O)(OC)O\C(=C\C(=O)OC(C)c1ccccc1)\C
0,CCCCOC(=O)c1ccccc1N
0,OP(=O)(O)OP(=O)(O)OP(=O)(O)O
0,CC1CCC(CC1=O)C(=C)C
0,CC(C)C(=O)OC(C)(C)C1CCC(=CC1)C
0,CCCCCCCCCC\C=C\C=O
0,CCCCCCCCCC(OC)OC
0,CC(C)CCOC(=O)\C=C\c1ccccc1
0,CC(C)OC(=O)\C=C\c1ccccc1
0,C\C=C(/C)\C(=O)OC\C=C(/C)\CCC=C(C)C
0,OP1(=O)OP(=O)(O)OP(=O)(O)O1
0,CCCCCCC(C)C=O
1,CC(=O)OC(C)(C#N)C#N
1,CCC(C)OCCO
0,ClCC(=O)c1ccccc1
0,COc1cc(\C=C\C(=O)CC(=O)\C=C\c2ccc(O)c(OC)c2)ccc1O
1,CCOP(=S)(OCC)OCCSCC.CCOP(=O)(OCC)SCCSCC
1,ClC\C=C/Cl.ClC\C=C\Cl
1,CCNc1nc(Cl)nc(NC(C)C)n1.CCc2cccc(CC)c2N(COC)C(=O)CCl
0,CCNc1nc(Cl)nc(NC(C)C)n1.CCNc2nc(Cl)nc(NC(C)(C)C#N)n2
1,CCOC(=O)Nc1cccc(OC(=O)Nc2ccccc2)c1.COC(=O)Nc3cccc(OC(=O)Nc4cccc(C)c4)c3
1,CC(=O)O.OCC(O)C(O)C(O)C(O)C=O
1,OCC1O[C@@H](O[C@H]2C(O)C(O)C(O)OC2CO)C(O)C(O)C1O
1,OC1CNCC1O
0,CC(O)CO.OCCO.OCC(O)CO
1,CC1=CC(=O)NO1
0,OCl
1,CCOC(=O)C(=C)CO
1,CCc1ccc(C)[n+](c1)C(C)CCC(C)(C)CC(C)(C)C
0,CCOc1ccc(C=O)cc1
0,COc1cc(CC=C)ccc1OC=O
0,CCCCCCOC(=O)CC(C)C
0,CCCCCCOC(=O)C(C)CC
0,CCCCCC(CO)CCC
0,C[C@H]1CC=CC(=O)O1
0,CCCC(=O)OC(C)(C)Cc1ccccc1
0,CC(CN)NCCO
1,CCOCCOc1ccc(Cl)cc1Cl
1,[O-][N+](=O)c1ccc(cc1)C(=C)Cl
1,COP(=O)(N)SC
1,CCOP(=S)(OCC)SC(CCl)N1C(=O)c2ccccc2C1=O
1,COCC=O
0,CCC(C)(O)CCc1ccccc1
0,CC(=CC1C(C(=O)OCc2coc(Cc3ccccc3)c2)C1(C)C)C
0,CCCCCOc1ccc(\C=C\C)cc1OC
0,C[C@@H](CCCC(=C)C)CCOC(=O)Cc1ccccc1
0,CC(=O)OC1CCC2CCCCC2C1
0,O=COC1CCC2CCCCC2C1
1,CC(C)(C)c1cc(C=C(C#N)C#N)cc(c1O)C(C)(C)C
1,FC(F)(F)C(=O)C(F)(F)F
0,CC(C)OC(=O)c1cc(cc(c1)[N+](=O)[O-])C(=O)OC(C)C
1,NCCCNCCNCCCN
0,COC(=O)Nc1nc2ccccc2[nH]1
0,COc1cc(NC(=O)C(\N=N\c2cc(OC)c(cc2OC)S(=O)(=O)Nc3ccccc3)C(=O)C)c(OC)cc1Cl
0,CNC(=O)Oc1cc(C)cc(C)c1C
1,COc1ccc(cc1)C(O)(C2CC2)c3cncnc3
0,N#CCCC=CC#N
1,CCOP(=S)(OCC)SCSC(C)(C)C
1,Nc1ccc(Oc2ccc(cc2)S(=O)(=O)c3ccc(Oc4ccc(N)cc4)cc3)cc1
0,ClCC(Cl)(Cl)CCl
1,CCN(CC)C(=O)\C(=C(/C)\OP(=O)(OC)OC)\Cl
1,Oc1c(Br)cc(\C=N\Oc2ccc(cc2[N+](=O)[O-])[N+](=O)[O-])cc1Br
0,CSCC[C@H]1NC(=O)NC1=O
0,CC(C)CCCC(C)(C)O
0,CCCCCCC#CC(OC)OC
1,Oc1ccc(Cl)cc1C2CCCC2
0,CON(C)C(=O)Nc1ccc(Br)c(Cl)c1
0,ClC1=C(Cl)C2(Cl)C3CCC4C(CCC3C1(Cl)C2(Cl)Cl)C5(Cl)C(=C(Cl)C4(Cl)C5(Cl)Cl)Cl
0,ClCC(CCl)OP(=O)(OC(CCl)CCl)OC(CCl)CCl
0,CC(C)CC(=O)C(=O)C
0,CC(C)c1ccc(cc1)C#N
0,OCc1cccc(Oc2ccccc2)c1
0,CCCSC(=O)Cl
0,CCC(C)N
1,CC(=O)N1CN(CN(CN(C1)[N+](=O)[O-])[N+](=O)[O-])[N+](=O)[O-]
1,FC(F)(F)c1nc2cc(Cl)c(Cl)cc2n1C(=O)Oc3ccccc3
0,C\C=C/c1cc(ccc1C)C(C)C
1,COC(=O)C(Cl)Cc1ccc(Cl)cc1
0,CC1[C@@H]2[C@H]3[C@@H](CC2=O)[C@]1(C)CCCC3(C)C
0,CCC(C)C1CCCCC1=O
1,ON1C=CC=CC1=S.ON2C=CC=CC2=S
0,CCCC\C=C/CCCCCCOC(=O)C
1,C(SCC1CO1)C2CO2
1,CNC(=O)O\N=C/1\[C@H](Cl)[C@H]2C[C@@H](C#N)[C@@H]1C2
0,CCN(CC)C(=O)C(C)Oc1cccc2ccccc12
0,[O-][N+](=O)c1ccc(Oc2ccc(cc2[N+](=O)[O-])C(F)(F)F)cc1
0,CCC(COC(=O)C=C)(COC(=O)C=C)COC(=O)C=C
0,CC(C)[C@@]1(O)[C@@H](OC(=O)c2ccc[nH]2)[C@@]3(O)[C@@]4(C)C[C@]5(O)O[C@@]6([C@H](O)[C@@H](C)CC[C@]46O)[C@@]3(O)[C@]15C
0,CC1CCC(=C(C)C)C(=O)C1
0,CCc1cccc(CC)c1N(COC)C(=O)CCl
0,CCCOC(=O)OOC(=O)OCCC
1,CC1(C)N(Br)C(=O)N(Cl)C1=O
1,ClC(=C(Cl)C#N)Cl
1,CCCCn1cnnc1
0,CCCCC\C=C\C=C\C=C
0,CC(C)C1CCC(C)CC1OC(=O)C
0,CCC(C)C(=O)OC1CC(C)CCC1C(C)C
0,CC=C\C=C\COC(=O)C(C)C
1,CCP(=S)(OC(C)C)SCN1C(=O)c2ccccc2C1=O
0,CCC(C)(C)C1CCC(=O)CC1
1,CC1(CCC=CC1)C(=O)O
0,OP(=O)(O)CCCl
0,CNC(=O)O\N=C(/C)\SC
1,CN(CCO[N+](=O)[O-])[N+](=O)[O-]
0,CC(CCl)N(C)C
1,C=COCC1CCC(COC=C)CC1
0,C1COCCOCCOCCOCCOCCO1
0,CCC(=O)OC1CC2CC1C3CC=CC23
0,CCCCCCOCC(OC)OC
1,CN(C)C(CSS(=O)(=O)c1ccccc1)CSS(=O)(=O)c2ccccc2
0,O=C1N(SC2CCCCC2)C(=O)c3ccccc13
0,CCCCNC(=O)n1c(NC(=O)OC)nc2ccccc12
0,C=CC(=O)OCCOCCOCCOCCOC(=O)C=C
1,COP(=S)(OC)Oc1cc(Cl)c(I)cc1Cl
0,CC(C)OC(=O)C(O)(c1ccc(Br)cc1)c2ccc(Br)cc2
0,CC(CCCC(C)(C)O)C=C
1,CN(C)C(=O)N[C@@H]1C[C@@H]2C[C@H]1[C@@H]3CCC[C@H]23
1,CCCOP(=O)(OCC#C)c1ccccc1
1,CCCC\C=C\C=O
0,CCCCCCCCC(C)C=O
1,CCCN(CCC)c1c(cc(cc1[N+](=O)[O-])S(=O)(=O)N)[N+](=O)[O-]
0,CCCCCCOC(=O)\C=C\C
0,OP(=S)(O)S.OP(=S)(O)S
1,CCC(C(C)C)c1ccccc1
1,CC(C)Oc1cc(N2N=C(OC2=O)C(C)(C)C)c(Cl)cc1Cl
1,OCCCS
1,CCC(C)OC(=O)OOC(=O)OC(C)CC
0,CCCC\C=C/CCCCCCO
0,CN1C(=O)ON(C1=O)c2ccc(Cl)c(Cl)c2
0,C[C@@H]1CC[C@H](C[C@H]1OC(=O)C)C(=C)C
0,CC(C)CCCC(C)CCOC(=O)C
1,COP(=O)(O)OC.C[n+]1ccc(cc1)c2cc[n+](C)cc2
0,CSC1=NN=C(C(=O)N1N)C(C)(C)C
0,CC1CC(C)(C)c2cc(C(=O)C)c(C)cc2C1(C)C
1,CC(C#C)N(C(=O)CCl)c1ccccc1
0,CC1(C)CCCC23CCC(C)(CC12)C(=O)O3
0,CCCCCCCCCCCCOP(=O)OCCCCCCCCCCCC
1,NC(=O)N.OS(=O)(=O)O
1,Cc1nc(C)c(s1)C(=O)Nc2ccccc2
1,CCOP(=O)(OCC)N=C1SCS1
1,N#CSCSc1nc2ccccc2s1
1,CC(N)CC(C)(C)N
1,COP(=S)(Oc1cc(Cl)c(Br)cc1Cl)c2ccccc2
0,CC(=O)OCCC1CCCCC1
1,CCNc1nc(Cl)nc(NC(C)(C)C#N)n1
1,CCOP(=S)(OCC)Oc1cc(Cl)c(SC)cc1Cl
0,CC(O)\C=C\C1=C(C)CCCC1(C)C
1,CCOP(=O)(NC(C)C)Oc1ccc(SC)c(C)c1
0,COP(=O)(OC)O\C(=C/Cl)\c1cc(Cl)c(Cl)cc1Cl
0,CNC(=O)Oc1cccc(c1)N=CN(C)C
1,OC(=O)C(F)(F)C(F)F
0,CC(C)Nc1nc(Cl)nc(NC2CC2)n1
1,CNC(=O)ON=C(SC)C(=O)N(C)C
0,CCCCOCN(C(=O)CCl)c1c(CC)cccc1CC
0,CCCCCCCC\C=C/CCCCCCOC(=O)C
1,FC(F)(F)S(=O)(=O)Nc1ccc(Cl)cc1Cl
1,Fc1ccc(NS(=O)(=O)C(F)(F)F)c(F)c1
0,CC(C)COCC(C)O
0,CCOC(=O)NC(=S)Nc1ccccc1NC(=S)NC(=O)OCC
0,OP(=O)(O)CN(CCCCCCN(CP(=O)(O)O)CP(=O)(O)O)CP(=O)(O)O
0,CCCCCC(C)(O)C=C
0,CC1(C)OC(=O)N(C1=O)c2cc(Cl)cc(Cl)c2
0,CCCCC1OC(C)CC(=C1)C
1,CCNc1nc(Nc2ccccc2)nc(Nc3ccc(\C=C\c4ccc(Nc5nc(NCC)nc(Nc6ccccc6)n5)cc4S(=O)(=O)O)c(c3)S(=O)(=O)O)n1
0,Cc1occc1C(=O)Nc2ccccc2
0,CCC(C)C(=O)OCCc1ccccc1
1,CCP(=S)(OCC(C)C)Sc1ccc(Cl)cc1
1,CCOP(=S)(OCC)SCCl
1,CCC(=O)C(=C)C
1,C1CC2OC2CC1C3CO3
0,CC(C)CCCCCOP(OCCCCCC(C)C)OCCCCCC(C)C
1,CC(C)CCCCCOC(=O)COc1ccc(Cl)cc1Cl
1,CCOP(=S)(NC(C)C)Oc1ccccc1C(=O)OC(C)C
0,CC(O)\C=C\C1C(=CCCC1(C)C)C
1,CC(C)(c1cc(Br)c(OCC=C)c(Br)c1)c2cc(Br)c(OCC=C)c(Br)c2
0,CCCCCC1=CCCC1=O
1,CON(C)C(=O)\C=C(/C)\OP(=O)(OC)OC
0,CCCOC(=O)NCCCN(C)C
0,CCCC\C=C/1\CCCCC1=O
1,Cc1cc(C)n(SC(Cl)(Cl)Cl)n1
1,CCOP(=O)(O)C(=O)N
0,COc1cc(c(C)cc1\N=N\c2c(O)ccc3cc(ccc23)S(=O)(=O)O)S(=O)(=O)O
0,CC(C)[C@@H]1CC[C@@H](C)C[C@H]1OC(=O)Cc2ccccc2
1,CCNc1nc(NC(C)CC)nc(OC)n1
0,CC(C)C1CC[C@H]2C(=C1)CC[C@H]3[C@](C)(CO)CCC[C@]23C
0,CCCN(CC1CC1)c2c(cc(cc2[N+](=O)[O-])C(F)(F)F)[N+](=O)[O-]
1,CNC(=O)O\N=C\C1(C)SCC(C)S1
1,CCCCCCCCN1SC=CC1=O
0,CC\C=C\CCCCCCCCC1CC(=O)OC1=O
0,ClC(Cl)(Cl)C(NC=O)N1CCN(CC1)C(NC=O)C(Cl)(Cl)Cl
0,CC(C)CCCCCCCOC(=O)c1ccccc1C(=O)OCCCCCCCC(C)C
1,C(Nc1nncs1)Nc2nncs2
0,OCCOCCN(CCOCCO)CCN(CCOCCO)CCOCCO
0,CNC1=C(Cl)C(=O)N(N=C1)c2cccc(c2)C(F)(F)F
0,CCCCCCCCCCCCc1cccc(c1)S(=O)(=O)O.OCCN(CCO)CCO
0,OS(=O)(=O)c1ccccc1\C=C/c2ccc(cc2)c3ccc(\C=C/c4ccccc4S(=O)(=O)O)cc3
0,CC(C)COP(=O)(OCC#C)c1ccccc1
0,CCCCCCCCCCCCC\C=C/CCCCCCCC
0,CC1C=CCCC1(C)C=O
0,CCOC(C)OCC\C=C/CC
0,CC1CCC2C(C)(C)C3CC12CC(O)C3=C
1,CCN(CC)C(=O)SCc1ccc(Cl)cc1
0,Cc1oc(C)c(C(=O)Nc2ccccc2)c1C
1,OC(CC(C1=C(O)c2ccccc2OC1=O)c3ccccc3)c4ccc(cc4)c5ccc(Br)cc5
1,CN(C)C(=O)NC1CCC2C3CCC(C3)C12
0,CCC(COCCOC(=O)C=C)(COCCOC(=O)C=C)COCCOC(=O)C=C
1,CCN(CC)c1c(cc(c(N)c1[N+](=O)[O-])C(F)(F)F)[N+](=O)[O-]
0,CCCCCCC(C(=O)C)C(=O)OCC
1,CCN(CC)c1nc(C)cc(OP(=S)(OC)OC)n1
0,CC1CCC2C(C)(C)C3CC12CC4OC34C
0,CC(C)CCCCCCCOP(=O)(Oc1ccccc1)Oc2ccccc2
0,CCCCCCCCCC[C@H]1O[C@H]1CCCCC(C)C
0,CCCCCCCCCCCCCCCC(=O)OCC(CC)CCCC
0,COC(OC)C(C)Cc1ccc(cc1)C(C)C
0,CCSCc1ccccc1OC(=O)NC
1,COP(=O)(NC(=O)C)SC
1,CC(C)(c1ccc(O)cc1)c2ccc(O)cc2.NCCNCCN.ClCC3CO3
0,CCCCCC(=O)OCC\C=C/CC
1,CCC[N+](C)(C)CC[N+](C)(C)CCOC
0,CN(C)CCON(C(=O)C)C12CC3CC(CC(C3)C1)C2
0,CCc1ccc(OC\C=C(/C)\CCC2OC2(C)C)cc1
1,CN(\C=N\c1ccc(C)cc1C)\C=N\c2ccc(C)cc2C
0,C1COCCOCCOCCOCCO1
0,CCCN(CCCl)c1c(cc(cc1[N+](=O)[O-])C(F)(F)F)[N+](=O)[O-]
0,CC\C=C/CCOC=O
0,CC\C=C/CCOC(=O)CC
1,CCC(C)Nc1c(cc(cc1[N+](=O)[O-])C(C)(C)C)[N+](=O)[O-]
1,CCCN(CCC)c1c(cc(cc1[N+](=O)[O-])C(C)C)[N+](=O)[O-]
1,COP(=O)(SC)\N=C\1/SCCN1C
0,CC(C)C1CCC2CC(O)CCC2C1
1,CNC(=O)ON=C(C)C(C)SC
0,CCC\C=C\CC1CCCC1=O
1,OC(=O)COCC(=O)O
1,CC(C)N(Cc1ccccc1)C(=O)C(C)(C)C
1,Fc1cccc(F)c1C(=O)NC(=O)Nc2ccc(Cl)cc2
1,CCCSP(=S)(OCC)Oc1ccc(SC)cc1
0,Clc1ccc(C(Cn2ccnc2)OCC=C)c(Cl)c1
0,BrCC(Br)(CCC#N)C#N
0,CCOC(=C)C1C(C)(C)CC(=O)CC1(C)C
0,CCCCCCCCCCCCCOP(=O)OCCCCCCCCCCCCC
1,OC(=O)C1CNC1
1,CCCOc1c(Cl)c(Cl)c(Cl)c(Cl)c1Cl
0,CC(C)NC(=O)N1CC(=O)N(C1=O)c2cc(Cl)cc(Cl)c2
1,CCC(C)N(C(C)CC)C(=O)SCc1ccccc1
1,CCC(C)C1CCCCC1(OC(=O)C)C#C
1,CCC(=O)OCCc1ccccc1.COc2cc(CC=C)ccc2O
0,ClC(Cl)C(=O)N(CC=C)CC=C
0,Cc1cc(ccc1NS(=O)(=O)C(F)(F)F)S(=O)(=O)c2ccccc2
1,CCCCCCCCCCCC[N+](C)(C)\C=C\CO
1,CCOc1cc(OP(=S)(OC)OC)nc(CC)n1
0,CCCCC1COCC(C)C1OC(=O)C
1,CCCSP(=O)(OCC)Oc1c(Cl)cc(Cl)cc1Cl
1,Clc1cccc(Sc2ccccc2)c1
0,CCc1cccc(CC)c1N(CC(=O)O)C(=O)CCl
0,CCOC(=O)CN(C(=O)CCl)c1c(CC)cccc1CC
0,CCCC1C2CC(C=C2)C1C=O
1,CCOP(=O)O.CCOP(=O)O.CCOP(=O)O
1,CNC(=O)O\N=C(/CS(=O)C)\C(C)(C)C
1,CNC(=O)O\N=C(/CS(=O)(=O)C)\C(C)(C)C
1,CNC(=O)O\N=C(\CSC)/C(C)(C)C
1,CC1(C)C(C(=O)OC(C#N)c2cccc(Oc3ccccc3)c2)C1(C)C
0,O=Cc1cccc(Oc2ccccc2)c1
0,CCCCCCCCC(OC(=O)C)OC(=O)C
0,C[C@@H]1CC[C@H]2C(C)(C)[C@H]3C[C@@]12CC[C@@]3(C)OC=O
1,CCCCCCCCCCCCCCOCCOCCOCCOCCOCCOCCOCCO
0,CCOC\C=C(/C)\CCC=C(C)C
0,CCC(CC)Nc1c(cc(C)c(C)c1[N+](=O)[O-])[N+](=O)[O-]
1,CC(C)OC(=O)OC1=C(C(=O)c2ccccc12)c3c(C)cc(C)cc3C
0,Cc1cc(C)c(C2=C(OC(=O)C(C)(C)C)c3ccccc3C2=O)c(C)c1
0,COC(C)(C)CCCC(C)C\C=C\C(=C\C(=O)OC(C)C)\C
0,CCSC(=O)\C=C(/C)\C=C\CC(C)CCCC(C)(C)OC
0,CCOC(C)OC(C)(CCC=C(C)C)C=C
0,CCCCCC1C(CC(=O)C)CCC1=O
0,CCOC(=O)\C=C(/C)\C=C\CC(C)CCCC(C)C
1,CCCSP(=O)(OCC)Oc1ccc(Br)cc1Cl
0,CC(=O)OC\C(=C/CC[C@]1(C)C2C[C@@H]3[C@H](C2)C13C)\C
0,CC\C=C/CCOC(=O)C(C)C
1,Cc1cccc2sc3nncn3c12
0,CC(=O)OC1=C(C(=O)c2ccccc12)c3c(C)cc(C)cc3C
0,CCCCC(CC)C(=O)OC1=C(C(=O)c2ccccc12)c3c(C)cc(C)cc3C
0,CC\C=C/CCOC(=O)Cc1ccccc1
1,CCOP(=S)(OCC)Oc1nc(Cl)n(n1)C(C)C
0,COC(=O)c1cc(Oc2ccc(Cl)cc2Cl)ccc1[N+](=O)[O-]
0,CC(C)CCCC(C)C\C=C\C(=C\C(=O)OCC#C)\C
0,COCOC1CCCCCCCCCCC1
1,CCCCCCCCCCC(C)c1ccc(cc1)S(=O)(=O)O
0,[O-][N+](=O)c1ccc(Oc2ccc(cc2Cl)C(F)(F)F)cc1
0,CCOc1cc(Oc2ccc(cc2Cl)C(F)(F)F)ccc1[N+](=O)[O-]
1,COS(=O)(=O)O.C[n+]1c(cc(c2ccccc2)n1C)c3ccccc3
0,CC(C)OP(=O)(O)Oc1ccccc1
0,C[n+]1c(cc(c2ccccc2)n1C)c3ccccc3
0,CC1(OC(=O)N(C1=O)c2cc(Cl)cc(Cl)c2)C=C
0,OC(=O)c1cc(Oc2ccc(cc2Cl)C(F)(F)F)ccc1[N+](=O)[O-]
1,CC(=O)Oc1cccc(Oc2ccc(cc2Cl)C(F)(F)F)c1
1,CCOP(=O)(C)SCCN(C(C)C)C(C)C
0,CC(=O)OCCCCCCCCC=C
0,CCN(CCNC(=O)SCC(C)C)C(=O)SCC(C)C
1,CC1(C)COCN1
0,CCc1cccc(C)c1N(C(C)COC)C(=O)CCl
0,CN(C)C1=NC(=O)N(C2CCCCC2)C(=O)N1C
0,CCCCNC1(CCCCC1)P(=O)(OCCCC)OCCCC
1,CCCN(CCC)c1c(cc(cc1[N+](=O)[O-])C(F)(F)F)[N+](=O)[O-].CSC2=NN=C(C(=O)N2N)C(C)(C)C
0,CC(CCC=C(C)C)CC#N
0,CNC.CNC.COc1c(Cl)ccc(Cl)c1C(=O)O.OC(=O)COc2ccc(Cl)cc2Cl
1,O=C(Nc1ccccc1)Nc2cnns2
0,CC(OC(=O)C)\C=C/C1C(=CCCC1(C)C)C
1,CNC(=O)CCS
1,CC1(C)OC[C@@H]2O[C@]3(OC(C)(C)O[C@H]3[C@@H]2O1)C(=O)O
0,COC(=O)NC(=S)Nc1ccccc1NC(=S)NC(=O)OC.SC(=S)NCCNC(=S)S
1,CC1(C)C(C=C(Cl)Cl)C1C(=O)OCc2cccc(Oc3ccccc3)c2
1,CCOP(=O)(OCC)N(C)c1ccccc1
0,CCc1cccc(OP(=O)(Oc2cccc(CC)c2)Oc3cccc(CC)c3)c1
1,CCCN(CCC)C(=O)SCc1ccccc1
1,CC1(C)[C@@H](C=C(Br)Br)[C@H]1C(=O)O[C@H](C#N)c2cccc(Oc3ccccc3)c2
0,CCCCCCCCCCCC(=O)OC1=C(C(=O)c2ccccc12)c3c(C)cc(C)cc3C
0,CCCCCC\C(=C\C#N)\C
0,CCC\C=C\COC(=O)CC
1,OC(=O)c1cc(Oc2ccc(Cl)cc2Cl)ccc1[N+](=O)[O-]
1,CC(=O)Nc1cc(NS(=O)(=O)C(F)(F)F)c(C)cc1C
1,CCCC\C=C/CCCCCCCCCC=O
0,CCCCCCCCCCCCCCCCOC(=O)C1CC1
0,CCCCC1OC(C)CC(C)(C)O1
1,CCOP(=S)(OCC)OC(Cl)C(Cl)(Cl)Cl
1,CCN(CC(=C)C)c1c(cc(cc1[N+](=O)[O-])C(F)(F)F)[N+](=O)[O-]
1,CCCCN(CCCC)SN(C)C(=O)Oc1cccc2CC(C)(C)Oc12
0,CC1=C(C)S(=O)(=O)CCS1(=O)=O
1,OC(=O)COc1nc(Cl)c(Cl)cc1Cl
0,CCCCCCCCSC(=O)Oc1cc(Cl)nnc1c2ccccc2
1,CCCC(=NOCC=C)C1C(=O)CC(C)(C)C(C(=O)OC)C1=O
0,C\C=C(/C)\C(=O)OCCc1ccccc1
0,CC(C)Oc1cccc(NC(=O)c2ccccc2C)c1
0,CC(=CCC\C(=C/CC[C@](C)(OC(=O)C)C=C)\C)C
0,CC(C)CCOCCc1ccccc1
1,OC1=C(C2CC(Cc3ccccc23)c4ccc(cc4)c5ccccc5)C(=O)Oc6ccccc16
0,CC(C)C\C(=C\CCC(C)(O)C=C)\C
0,C\C=C\C(=O)OC\C=C(/C)\CCC=C(C)C
1,CC(C)C(O)(c1ccc(OC(F)(F)F)cc1)c2cncnc2
0,C[C@@]12CCC[C@@](O)(C1)[C@H]3CC(C)(C)[C@@H]3CC2
0,CC(=O)O[C@@]12CCC[C@@](C)(CC[C@@H]3[C@@H]1CC3(C)C)C2
1,CCN(C(=O)Oc1cccc(NC(=O)OC(C)C)c1)c2ccccc2
1,CC(COCC(C)OC(=O)C=C)OC(=O)C=C
1,CC(=O)O.CC(=O)O.CC(=O)O.NC(=NCCCCCCCCNCCCCCCCCN=C(N)N)N
0,COC(=O)C(C)N(C(=O)c1occc1)c2c(C)cccc2C
1,CC(C)(C)\N=N\C(C)(C)O
0,CCNC(=O)NC(=O)\C(=N\OC)\C#N
0,Clc1cc(Cl)cc(c1)C2(CC(Cl)(Cl)Cl)CO2
0,CCc1cc2c(cc1C=O)C(C)(C)CCC2(C)C
0,CCOCOC1CCCCCCCCCCC1
0,Cc1cccc(C)c1N(C2CCOC2=O)C(=O)CCl
1,CCNc1nc(Cl)nc(NC(C)C)n1.CCc2cccc(C)c2N(C(C)COC)C(=O)CCl
0,CC(C)[C@@H]1CC[C@@H](C)C[C@H]1OC(=O)CC(=O)C
1,COC(=O)CCC\C=C/CC1C(O)CC(O)[C@@H]1\C=C\C2(COc3ccccc3)OCCO2
0,CSC(=NOC(=O)N(C)SN(C)C(=O)ON=C(C)SC)C
1,CN1C=C(C(=O)C(=C1)c2cccc(c2)C(F)(F)F)c3ccccc3
0,CCOP(=S)(OCC)Oc1cc(C)nc(n1)C(C)C.COc2ccc(cc2)C(c3ccc(OC)cc3)C(Cl)(Cl)Cl
0,ClC(Cl)(Cl)C(NC=O)N1CCOCC1
0,CC(C)(O)C1CCC(C)(O1)C=C
1,OC(c1ccc(Cl)cc1)(c2cncnc2)c3ccccc3Cl
0,COC(=O)NC(=S)Nc1ccccc1NC(=S)NC(=O)OC.SC(=S)NCCNC(=S)S.SC(=S)NCCNC(=S)S
1,CCc1cccc(C)c1N(C(C)COC)C(=O)CCl.CSC2=NN=C(C(=O)N2N)C(C)(C)C
0,CCCCC\C(=C\c1ccccc1)\C(OCC)OCC
0,CCC(C)CCC(C)(CC)OC(=O)C
0,COC(C)(CCC=C(C)C)C=C
0,CCCCC(Cn1ccnc1)(C#N)c2ccccc2
0,FC(F)(F)c1cccc(c1)N2CC(CCl)C(Cl)C2=O
1,CC(C)(SC(=O)N1CCCCC1)c2ccccc2
0,CC\C(=C\CC\C(=C\C#N)\C)\C
0,CC\C(=C\CCC(C)(OC(=O)C)C=C)\C
0,CCC(=O)OC(C)(C)C1CCC(=CC1)C
0,CC(=O)C1CC2C(C=C1C)C2(C)C
0,CC1CC(OC(=O)C)C=C(C)C2CC(=C(C)C)CC12
1,CCNCc1c(F)cccc1Cl
1,OC(c1ccc(F)cc1)(c2cncnc2)c3ccccc3Cl
1,CN(c1c(Br)cc(Br)cc1Br)c2c(cc(cc2C(F)(F)F)[N+](=O)[O-])[N+](=O)[O-]
1,CC1=CC(=NC(C)(C)C1)C
1,CCCCOC1(C)OC(=CC=C1)C
0,CCOCCOCC(C)O
1,CCCCCCCSC
1,ClCCOC(=O)\C=C/C(=O)OCCCl
1,CC(=CC1C(=O)OC(=O)C1(C=C(C)C)C=C(C)C)C
0,OCC(O)C1CCC=CC1
1,OCC[S+](CCO)CCSCCCl
1,[H+].NCc1ccccc1.O=[I+3]
1,COP(=S)(OC)SCC(=O)N(C(C)C)c1ccc(Cl)cc1
1,CCOc1nc(ns1)C(Cl)(Cl)Cl.COC(=O)NC(=S)Nc2ccccc2NC(=S)NC(=O)OC
0,CC(C)c1ccccc1OP(=O)(Oc2ccccc2)Oc3ccccc3
0,CC(C)c1ccccc1OP(=O)(Oc2ccccc2C(C)C)Oc3ccccc3C(C)C
0,CCCCCCc1ccc(OP(=O)(Oc2ccccc2)Oc3ccccc3)cc1
1,CC(C)CCC(C)(O)\N=N\C(C)(C)C
0,COc1nc(C)nc(NC(=O)NS(=O)(=O)c2ccccc2Cl)n1
0,CCOCc1ccccc1OC
0,CC(=CCC\C(=C\COCC=O)\C)C
0,CC\C=C/CCOC(=O)c1ccccc1N
0,CC\C=C\CCOC(=O)c1ccccc1O
0,CC(CCC=O)C1C(=CCCC1(C)C)C
0,COC(=O)CNCP(=O)(O)Oc1ccccc1
0,CC(C)CCCC1=CCC(C)(CC1)C=O
0,CC(=CCC\C(=C\C1OCCO1)\C)C
1,CCOC(=O)C(C)Oc1ccc(Oc2oc3cc(Cl)ccc3n2)cc1
1,CC1(C)[C@@H](C(Br)C(Br)(Br)Br)[C@H]1C(=O)O[C@H](C#N)c2cccc(Oc3ccccc3)c2
0,CCCN(CCC)c1c(cc(cc1[N+](=O)[O-])C(F)(F)F)[N+](=O)[O-].CCc2cccc(CC)c2N(COC)C(=O)CCl
0,CCNc1nc(Cl)nc(NC(C)(C)C#N)n1.CCc2cccc(C)c2N(C(C)COC)C(=O)CCl
0,CCCCOC(=O)c1ccccc1Nc2cccc(c2)C(F)(F)F
0,CC1(C)CNC(=NN=C(\C=C\c2ccc(cc2)C(F)(F)F)\C=C\c3ccc(cc3)C(F)(F)F)NC1
0,CC1CC(C)(C)OC(Cc2ccccc2)O1
0,CCc1ccc(CC(C)(C)C=O)cc1
0,CCC\C=C\C(OCC)OCC
0,CCCN(CCOc1c(Cl)cc(Cl)cc1Cl)C(=O)n2ccnc2
0,CC(=CCC\C(=C\COC(CCCCCCCCC=C)OC\C=C(/C)\CCC=C(C)C)\C)C
0,CCC(=O)OC(C)(C)Cc1ccccc1
0,CC1CC(=CC(C)C1\C=C\C(=O)C)C
0,CCCC(=O)OCCC(C)CCCC(C)C
0,CO[C@]1(C)CC[C@@]23C[C@@H]1C(C)(C)[C@@H]2CC[C@H]3C
0,CC\C=C/CCOC(=O)\C(=C\C)\C
0,NC(=O)N.C=O
0,CC1CCC2=C1CC3(CCC2C)OC3(C)C
0,CC1(C)C(\C=C(/Cl)\C(F)(F)F)C1C(=O)OC(C#N)c2cccc(Oc3ccccc3)c2
0,C[C@@H]1CC(O)C=C(C)[C@@]12CCC(=C(C)C)C2
0,CC\C=C\CCOCC=O
0,CC(C)CCOC(=O)\C=C(/C)\CCC=C(C)C
0,CCCCCCCCCC(C)C(OC)OC
0,CCOC(=O)CNc1nc(Cl)nc(NC(C)C)n1
0,CCNc1nc(Cl)nc(NCC(=O)O)n1
0,CC(C)CCCCCCCc1ccc(N)cc1
1,CCCCCCCCCCCCc1ccccc1
0,CCC(=O)CCC1C(=CCCC1(C)C)C
1,CC1(C)C(C=C(Cl)Cl)C1C(=O)OC(C#N)c2cccc(Oc3ccccc3)n2
0,CC1CC=CCC1COC(=O)CCCCC(=O)OCC2CC=CCC2C
0,CC(=CCOC(=O)c1ccccc1O)C
1,OCCOC1CCC2C3CC(C=C3)C12
0,CC(C)C1=CCC(=CC1)CCOC=O
0,CCCCCCCCCCCCCCCCCCCCCCc1ccccc1
1,CC(C)[C@@H]1[C@@H](C)C(C)(C)c2cc(C)c(cc12)C(=O)C
0,CS(=O)(=O)N.Nc1nc(N)nc(N)n1.C=O.c2ccccc2
1,OCC(Br)(Br)[N+](=O)[O-]
0,Nc1c(Cl)c(F)nc(OCC(=O)O)c1Cl
1,CC(C)C(Nc1ccc(cc1Cl)C(F)(F)F)C(=O)OC(C#N)c2cccc(Oc3ccccc3)c2
1,Clc1cccc(c1)N(C2CCOC2=O)C(=O)C3CC3
0,COC(=O)C(C)Oc1ccc(Oc2ncc(cc2Cl)C(F)(F)F)cc1
0,Oc1ccc(Br)cc1Br.Oc2c(Br)cccc2Br
0,CCOCCC(C)CCC=C(C)C
1,CC(C)C(C(=O)OC(C#N)c1cccc(Oc2ccccc2)c1)c3ccc(OC(F)F)cc3
1,OCCNCCNc1ccc(NCCNCCO)c2C(=O)c3c(O)ccc(O)c3C(=O)c12
0,CC\C=C/CCC1(C)CCC(=O)O1
0,CCOP(=O)(OC=C)OC(CCl)c1cc(Cl)c(Cl)cc1Cl
0,CC(CC(=O)OCC=C)CC(C)(C)C
0,COC(=O)C(C)N(C(=O)Cc1ccccc1)c2c(C)cccc2C
1,CS(=O)(=O)NC(=O)c1cc(Oc2ccc(cc2Cl)C(F)(F)F)ccc1[N+](=O)[O-]
0,CCOc1cc(C=O)ccc1OC(=O)C
1,COC(=O)c1ccccc1S(=O)(=O)NC(=O)Nc2nc(C)cc(C)n2
1,Cc1cc(C)nc(NC(=O)NS(=O)(=O)c2ccccc2C(=O)O)n1
1,COC(=O)c1ccccc1S(=O)(=O)NC(=O)Nc2nc(C)nc(OC)n2
1,CC1=CCC2C(C1)C2(C)C
1,CN(C(=O)C[N+](C)(C)C)C(=O)Oc1cccc2CC(C)(C)Oc12
1,CCc1cc(CC)c(N)c(C)c1N.CCc2cc(C)c(N)c(CC)c2N
1,CC(C)(C)[C@@H](O)[C@@H](Cc1ccc(Cl)cc1Cl)n2cncn2
0,COc1c(Cl)ccc(Cl)c1C(=O)O.OC(=O)CNCP(=O)(O)O
1,COc1ccc(CC(=S)N(C)C)cc1
1,OC(Cn1cncn1)(c2ccc(F)cc2)c3ccccc3F
1,CC(C)(C)[C@H](O)[C@H](Cc1ccc(Cl)cc1)n2cncn2
1,COC(NC(=O)C=C)C(=O)OC
0,CCOC(=O)COC(=O)c1cc(Oc2ccc(cc2Cl)C(F)(F)F)ccc1[N+](=O)[O-]
1,COCC(=O)N(N1CCOC1=O)c2c(C)cccc2C
0,CCCOc1cccc(C)c1N(COCC)C(=O)CCl
1,OCNC(=O)N(CO)C1N(CO)C(=O)N(CO)C1=O
1,COC(=O)c1sccc1S(=O)(=O)NC(=O)Nc2nc(C)nc(OC)n2
1,COc1nc(C)nc(NC(=O)NS(=O)(=O)c2ccccc2C(=O)O)n1
1,CC(C)C1(C)NC(=NC1=O)c2ncccc2C(=O)O
1,CC(C)C1(C)N=C(NC1=O)c2nc3ccccc3cc2C(=O)O
1,CCc1cnc(C2=NC(C)(C(C)C)C(=O)N2)c(c1)C(=O)O
1,Fc1ccc(F)c(NC(=O)NC2CC2)c1
1,COC(=O)c1ccc(C)cc1C2=NC(C)(C(C)C)C(=O)N2.COC(=O)c3cc(C)ccc3C4=NC(C)(C(C)C)C(=O)N4
1,CCCCCCCCCCCCCN1CC(C)OC(C)C1
1,CC1(C)CON(Cc2ccccc2Cl)C1=O
1,COc1nc(C)nc(NC(=O)NS(=O)(=O)c2ccccc2OCCCl)n1
1,CCCCN(CCO[N+](=O)[O-])[N+](=O)[O-]
1,CCC(C)(CC)c1cc(NC(=O)c2c(OC)cccc2OC)on1
1,Cc1c(COC(=O)[C@@H]2[C@H](\C=C(/Cl)\C(F)(F)F)C2(C)C)cccc1c3ccccc3
1,CCCCCC[N+](C)(C)CCCCCC
1,COC(=O)c1ccccc1CS(=O)(=O)NC(=O)Nc2nc(OC)cc(OC)n2
0,CC(=O)OC(CCC(=O)O)C=C
0,CC1=CC(=O)C(=NN1c2ccc(Cl)cc2)C(=O)O
0,CCC(=O)OCC(C)(C)CC1=C(C)CCC1C(=C)C
1,CCN(CCO[N+](=O)[O-])[N+](=O)[O-]
0,Clc1ccc(CSC(=Nc2ccc(Cl)cc2Cl)Cn3cncn3)cc1
0,NCCOCCOCCOCCO
1,COC1CC2CC1C3CC(CC23)C=O
1,CC(C)(C)OC(=O)Oc1ccc(C=C)cc1
0,CCOCCOC(=O)C(C)Oc1ccc(Oc2ncc(cc2Cl)C(F)(F)F)cc1
1,CC(Oc1ccc(Oc2ncc(Cl)cc2Cl)cc1)C(=O)N3CCCO3
1,CC(C)[C@]12CC[C@](C)(O1)[C@@H](C2)OCc3ccccc3C
1,FC(F)(F)\C(=N\OCC1OCCO1)\c2ccc(Cl)cc2
0,CCCCC(Cn1cncn1)(C#N)c2ccc(Cl)cc2
0,CCC(=C)CCCC(C)COC(=O)C
0,CCCCCCCCC(C)C
1,CCOC(=O)c1ccccc1S(=O)(=O)NC(=O)Nc2nc(Cl)cc(OC)n2
1,SC#N
1,CCC(CO)(CO)CO.CC(C)(N=C=O)c1cccc(c1)C(C)(C)N=C=O
1,CCOP(=O)(SC(C)CC)SC(C)CC
1,CC(Oc1ccc(Oc2oc3cc(Cl)ccc3n2)cc1)C(=O)O
1,CC(C)(C)N1N=CC(=C(Cl)C1=O)SCc2ccc(cc2)C(C)(C)C
0,CN(C(=O)CNCP(=O)(O)O)S(=O)(=O)C
1,Cc1ccn2nc(nc2n1)S(=O)(=O)Nc3c(F)cccc3F
0,CCSC(C)CC1CC(=C(\C(=N\OC\C=C\Cl)\CC)C(=O)C1)O
1,CC(C)C1(C)N=C(NC1=O)c2cc(C)ccc2C(=O)O
1,COC(=O)c1ccccc1S(=O)(=O)NC(=O)N(C)c2nc(C)nc(OC)n2
1,CCOC(=O)c1nc(n(n1)c2ccc(Cl)cc2Cl)C(Cl)(Cl)Cl
0,CC1CO1.C2CO2
1,ClCl.ClSSCl.c1ccccc1
1,CCOC(=O)c1ccccc1S(=O)(=O)NC(=O)Nc2nc(Cl)cc(OC)n2.CSC3=NN=C(C(=O)N3N)C(C)(C)C
1,COc1cc(OC)nc(NC(=O)NS(=O)(=O)c2ncccc2C(=O)N(C)C)n1
1,ICC(=O)NC(=O)CI
0,CC1COC(Cn2cncn2)(O1)c3ccc(Oc4ccc(Cl)cc4)cc3Cl
0,Clc1ccc(CCC(Cn2cncn2)(C#N)c3ccccc3)cc1
1,CCOC(=O)c1ccccc1S(=O)(=O)NC(=O)Nc2nc(Cl)cc(OC)n2.CON(C)C(=O)Nc3ccc(Cl)c(Cl)c3
1,CCS(=O)(=O)c1cccnc1S(=O)(=O)NC(=O)Nc2nc(OC)cc(OC)n2
0,NC(=O)C=C.Nc1nc(N)nc(N)n1.OO.C=O
1,CS\C=C(/Cl)\C#N
0,CC(C)C(OCCO)C(C)C
0,FC(C(F)C(F)(F)C(F)(F)F)C(F)(F)F
